Kanal,Name,URL,Grund
Instagram,E-Werk Netze GmbH & Co. KG,https://www.instagram.com/p/DUIlG_yFJXw/,kein Profil (/p/-Link)
Instagram,EMB Energieversorgung Miltenberg-Bürgstadt GmbH & Co. KG,https://www.instagram.com/p/C8wkbx1oBzl/,kein Profil (/p/-Link)
Instagram,energie schwaben gmbh,https://www.instagram.com/reel/DZaNzjlqlxx/,kein Profil (/reel/-Link)
Instagram,Energieallianz Bayern GmbH & Co. KG,https://www.instagram.com/legal/privacy/,kein Profil (/legal/-Link)
Facebook,Energieallianz Bayern GmbH & Co. KG,https://www.facebook.com/privacy/explanation,FB-System-/Utility-Seite (/privacy)
Facebook,Energyminer GmbH,https://www.facebook.com/people/Energyminer-GmbH,Page-/People-Pfad ohne numerische ID (/people/Energyminer-GmbH)
Instagram,EVL Energieversorgung Limburg GmbH,https://www.instagram.com/reel/DZhFOSRFf49/,kein Profil (/reel/-Link)
Facebook,ewag kamenz Energie und Wasserversorgung Aktiengesellschaft Kamenz,http://www.facebook.com/policy.php,FB-System-/Utility-Seite (/policy.php)
Instagram,Gemeindewerke Heikendorf AöR,https://www.instagram.com/reel/DMNZfowKrXi/,kein Profil (/reel/-Link)
Instagram,Gemeindewerke Langenpreising GmbH & Co. KG,https://instagram.com/,kein Pfad (nur instagram.com/)
Facebook,Gemeindewerke Langenpreising GmbH & Co. KG,https://www.facebook.com/,kein Pfad (nur facebook.com/)
Instagram,"Licht-, Kraft- und Wasserwerke Kitzingen GmbH",https://www.instagram.com/p/DZXfFoFDCP7/,kein Profil (/p/-Link)
Facebook,Mark-E Aktiengesellschaft,https://www.facebook.com/photo/?fbid=1195586402571400&set=a.551209467009100,FB-System-/Utility-Seite (/photo)
Instagram,Obermaier und Gerg Grundstücksverwaltung KG,https://www.instagram.com/p/DDAXtgTtQMJ/,kein Profil (/p/-Link)
Instagram,Ruhrverband,https://www.instagram.com/p/DZcCfnEgRQv/,kein Profil (/p/-Link)
Instagram,Stadtwerke Bad Tölz GmbH,https://www.instagram.com/p/DZk8d3wifv5,kein Profil (/p/-Link)
Instagram,Stadtwerke Dillingen/Saar Netzgesellschaft mbH,https://www.instagram.com/legal/privacy/,kein Profil (/legal/-Link)
Facebook,Stadtwerke Dillingen/Saar Netzgesellschaft mbH,https://www.facebook.com/privacy/explanation,FB-System-/Utility-Seite (/privacy)
Instagram,Stadtwerke Dreieich GmbH,https://www.instagram.com/p/DZeYQuiDahF,kein Profil (/p/-Link)
Instagram,Stadtwerke Lüdenscheid GmbH,https://www.instagram.com/p/DLIAOsISpFh/,kein Profil (/p/-Link)
Facebook,Stadtwerke Lüdenscheid GmbH,https://www.facebook.com/photo/?fbid=1312584173677466&set=a.836739421261946,FB-System-/Utility-Seite (/photo)
Instagram,Stadtwerke Stadtoldendorf GmbH,https://www.instagram.com/p/DSkYKf1mPGq/,kein Profil (/p/-Link)
Instagram,Stadtwerke Witzenhausen GmbH & Co. KG,https://scontent-fra5-2.cdninstagram.com/v/t39.30808-6/719892956_1406001488226370_8634403468499864520_n.jpg?stp=dst-jpg_e35_tt6&_nc_cat=107&ccb=7-5&_nc_sid=18de74&efg=eyJlZmdfdGFnIjoiQ0FST1VTRUxfSVRFTS5iZXN0X2ltYWdlX3VybGdlbi5DMyJ9&_nc_ohc=Ua06BTFQLGIQ7kNvwGz07Mq&_nc_oc=AdoYr1xaQnnSMhG6EmBFo_mz_kvxoD5FPmbryit5NHaGsUpPgPhSIUqcxfc8xwvGdPY&_nc_zt=23&_nc_ht=scontent-fra5-2.cdninstagram.com&edm=ANo9K5cEAAAA&_nc_gid=Vdm38AFAWI2OXdQTBEK1mw&_nc_tpa=Q5bMBQE9gNV_oszLQpbSqXdX9he-k689sF_dITQywsr6sh94xN2gL_vHsgMA2D-EBHY4R26X9HYWBOZrag&oh=00_Af-OTHUqvg8f-F2zoPkGrXySK1gLzRbKKI1c9h-Azncosg&oe=6A352C31,kein instagram.com-Host (scontent-fra5-2.cdninstagram.com)
Instagram,Verbandsgemeindewerke Herrstein-Rhaunen,https://www.instagram.com/stories/landlebenrockt_hr/,kein Profil (/stories/-Link)
Instagram,Werra-Strom GmbH,https://scontent-fra5-2.cdninstagram.com/v/t39.30808-6/719892956_1406001488226370_8634403468499864520_n.jpg?stp=dst-jpg_e35_tt6&_nc_cat=107&ccb=7-5&_nc_sid=18de74&efg=eyJlZmdfdGFnIjoiQ0FST1VTRUxfSVRFTS5iZXN0X2ltYWdlX3VybGdlbi5DMyJ9&_nc_ohc=Ua06BTFQLGIQ7kNvwGz07Mq&_nc_oc=AdoYr1xaQnnSMhG6EmBFo_mz_kvxoD5FPmbryit5NHaGsUpPgPhSIUqcxfc8xwvGdPY&_nc_zt=23&_nc_ht=scontent-fra5-2.cdninstagram.com&edm=ANo9K5cEAAAA&_nc_gid=Vdm38AFAWI2OXdQTBEK1mw&_nc_tpa=Q5bMBQE9gNV_oszLQpbSqXdX9he-k689sF_dITQywsr6sh94xN2gL_vHsgMA2D-EBHY4R26X9HYWBOZrag&oh=00_Af-OTHUqvg8f-F2zoPkGrXySK1gLzRbKKI1c9h-Azncosg&oe=6A352C31,kein instagram.com-Host (scontent-fra5-2.cdninstagram.com)
