Unternehmen,Plattform,Handle
450connect GmbH,X,450connect
50Hertz Transmission GmbH,Facebook,50hertztransmission
A.T. Kearney GmbH,X,kearney
A/V/E GmbH,Facebook,avegmbhhalle
ABO Energy GmbH & Co. KGaA,Facebook,aboenergykgaa
adesso business consulting AG,Facebook,adessobusinessconsulting
AFRY Management Consulting GmbH,Facebook,afryofficial
Aggerverband,Facebook,aggerverband
Albwerk GmbH & Co. KG,Facebook,albwerk
Allego GmbH,Facebook,allegocharging
Allgäuer Kraftwerke GmbH,Facebook,allgaeukraft
Allgäuer Überlandwerk GmbH,Facebook,allgaeuerueberlandwerk
Alpiq AG,Facebook,alpiq
Alpiq Energie Deutschland GmbH,Facebook,alpiq
Alterric Deutschland GmbH,Facebook,alterric
Amprion GmbH,X,amprionme
AMRUM-Offshore West GmbH,Instagram,rwe.global
ArcMind Technologies GmbH,Instagram,arcmind_technologies
ARGE Netz GmbH & Co. KG,X,argenetz
Arvato Systems Digital GmbH,X,arvatosystemsde
Avacon AG,Facebook,avacongruppe
Avacon Hochdrucknetz GmbH,Facebook,avacongruppe
Avacon Netz GmbH,Facebook,avacongruppe
Avacon Wasser GmbH,Facebook,avacongruppe
AVIA Deutschland GmbH,Facebook,avia.racing.team
AVU Aktiengesellschaft für Versorgungs-Unternehmen,Facebook,avu.heimatvorteil
AVU Netz GmbH,Facebook,avu.heimatvorteil
Axpo Deutschland GmbH,Facebook,axpoch
Axpo Solar Deutschland GmbH,Instagram,axpogroup
Bad Honnef AG,Instagram,meine_bhag
Bad Soden-Salmünster Stadtwerke/Wasserversorgung,Facebook,badsodensalmuenster
badenova AG & Co. KG,Facebook,badenovaag
badenova Energie GmbH,Instagram,badenova_official
badenova WärmePlus GmbH & Co. KG,Instagram,badenova_official
badenovaNETZE GmbH,Instagram,badenova_official
Bau- und Liegenschaftsbetrieb NRW,Facebook,blbnrw
BauMineral GmbH,Facebook,baumineral.de
Bayerische Rhöngas GmbH,Facebook,rhoengas
Bayernwerk AG,Facebook,bayernwerkgruppe
Bayernwerk AG,Facebook,bayernwerkgruppe
Bayernwerk Natur GmbH,Facebook,bayernwerkag
Bayernwerk Netz GmbH,Facebook,bayernwerkag
BayWa r.e. AG,Facebook,bwre.global
BayWa r.e. AG,Facebook,bwre.global
BayWa r.e. Energy Trading GmbH,X,bwre_global
be.storaged GmbH,X,bestoraged
beegy GmbH,Facebook,betterenergy
BELECTRIC GmbH,X,belectricenergy
Berliner Stadtwerke EnergiePartner GmbH,Facebook,berlinerstadtwerke
Berliner Stadtwerke GmbH,Facebook,berlinerstadtwerke
Berliner Stadtwerke KommunalPartner GmbH,Facebook,berlinerstadtwerke
Berliner Wasserbetriebe,Facebook,wasserbetriebe
BeSte Stadtwerke GmbH,Facebook,bestestadtwerke
BEW Bergische Energie- und Wasser-GmbH,Facebook,bergischeenergie
BEW Berliner Energie und Wärme GmbH,Instagram,bew_berlin
BEW Netze GmbH,Facebook,bergischeenergie
BEW Solutions GmbH,Instagram,bew_berlin
Bielefelder Netz GmbH,Facebook,stadtwerke.bielefeld
BKW Bad Wildunger Kraftwagenverkehrs- und Wasserversorgungsgesellschaft mbH,Facebook,bkwreisen
BKW Energie AG,Facebook,teambkw
BKW Infra Services Europa SE,Facebook,teambkw
Blomberger Versorgungsbetriebe GmbH,Facebook,bvb.blomberg
Bocholter Energie- und Wasserversorgung GmbH,Facebook,wattextra
Bosch Thermotechnik GmbH,Facebook,boschhomecomfortde
BP Europa SE,Facebook,bp
Braunschweiger Versorgungs-AG & Co. KG,Facebook,bs.energy
BRAWAG GmbH Wasser- und Abwassergesellschaft Brandenburg an der Havel,Instagram,brawag_wasser_abwasser
Bremer Energiehaus-Genossenschaft eG,Facebook,benergie.bremen
BTC Business Technology Consulting AG,Facebook,btcag
Burgenland Energie GmbH,Facebook,stadtwerkezeitz
C. Ensinger GmbH & Co. KG,Facebook,ensinger.mineralwasser
Celle-Uelzen Netz GmbH,Facebook,netzbetreiber
Centrica Energy Trading GmbH,X,centricaplc
CEZ Deutschland GmbH,Facebook,skupinacez
"CEZ, a.s.",Facebook,skupinacez
chargecloud GmbH,Facebook,chargecloud
ChargePoint Germany GmbH,Facebook,chargepoint
Citadel Investment Group (Europe) Limited,Instagram,citadel
City-USE GmbH & Co.KG,Instagram,city_use_energy
CKW AG,X,ckw_luzern
collect Artificial Intelligence GmbH,Facebook,collectai
CONUTI GmbH,Facebook,conuti
ConVista Consulting AG,Facebook,convista
cortility gmbh,Facebook,it.und.energie
CPM Netz GmbH,X,evonik
Cramer-Mühle GmbH & Co. KG,Facebook,cramermuehle
Cratos GmbH,Facebook,cratosgmbh
Creos Deutschland GmbH,X,creos_d
Creos Deutschland Services GmbH,X,creos_d
cronos Unternehmensberatung GmbH,Facebook,cronosgmbh
Cubos Technologies GmbH,Facebook,cubos.germany
CURSOR Software AG,Facebook,cursor.de
"Dahme-Nuthe Wasser-, Abwasserbetriebsgesellschaft mbH",Instagram,dnwab.mbh
DanTysk Sandbank Offshore Wind GmbH & Co. KG,X,vattenfall_de
DB Energie GmbH,Instagram,deutschebahn
DeESA GmbH,Facebook,deesagmbh
degewo netzWerk GmbH,Facebook,degewo.berlin
Der Magistrat der Stadt Waldeck,Facebook,waldeckedersee
Dessauer Stromversorgung GmbH,Facebook,stadtwerkedessau
Dessauer Versorgungs- und Verkehrsgesellschaft mbH DVV – Stadtwerke,Facebook,stadtwerkedessau
Dessauer Stromversorgung GmbH,Facebook,stadtwerkedessau
Deutsche Shell Holding GmbH,Facebook,shelldeutschland
DEW21 Windkraftbeteiligungsgesellschaft mbH,Facebook,dew21
Digital Charging Solutions GmbH,X,dcs_global
Dinslakener Bäder GmbH,Facebook,stadtwerkedinslaken
Donau-Stadtwerke Dillingen-Lauingen,Facebook,donaustadtwerkedillingenlauingen
Dortmunder Energie- und Wasserversorgung GmbH DEW21,Facebook,dew21
Drees & Sommer SE,X,drees_sommer
DREWAG - Stadtwerke Dresden GmbH,Facebook,drewagstadtwerke
DVGW Deutscher Verein des Gas- und Wasserfaches e.V.,Facebook,dvgw.ev
E WIE EINFACH GmbH,Facebook,ewieeinfach
e-gas GmbH,X,hy2genag
e-netz Südhessen AG,Instagram,enetzsuedhessen
e-regio GmbH & Co. KG,Facebook,eregio.energie
E-Werk Wanfried von Scharfenberg GmbH & Co KG,Facebook,ewwanfried
E.DIS AG,Facebook,ediskarriere
E.DIS Netz GmbH,Facebook,ediskarriere
E.ON Bioerdgas GmbH,Facebook,eon
E.ON Business Solutions Deutschland GmbH,Facebook,eonenergiede
E.ON Digital Technology GmbH,Facebook,eon
E.ON Drive GmbH,Facebook,eon
E.ON Energie AG,Facebook,eon
E.ON Energie Deutschland GmbH,Facebook,eonenergiede
E.ON Energie Dialog GmbH,Facebook,eonenergiede
E.ON Business Solutions Deutschland GmbH,Facebook,eonenergiede
E.ON Digital Technology GmbH,Facebook,eon
E.ON Energy Projects GmbH,Facebook,eon
E.ON Business Solutions Deutschland GmbH,Facebook,eonenergiede
E.ON Gas Mobil GmbH,Facebook,eon
E.ON Grid Solutions GmbH,Facebook,eon
E.ON Group Innovation GmbH,Facebook,eonenergiede
E.ON Hydrogen GmbH,Facebook,eonenergiede
E.ON Inhouse Consulting GmbH,Facebook,eonenergiede
E.ON Business Solutions Deutschland GmbH,Facebook,eonenergiede
E.ON Business Solutions Deutschland GmbH,Facebook,eonenergiede
E.ON Business Solutions Deutschland GmbH,Facebook,eonenergiede
E.ON Business Solutions Deutschland GmbH,Facebook,eonenergiede
e.pilot GmbH,Facebook,epilotcommunity
E.VITA GmbH,X,evita_energie
e.wa riss GmbH & Co. KG,Instagram,ewa_riss
e.wa riss Netze GmbH,Instagram,ewanetze
EAM Beteiligungen GmbH,Facebook,meineeam
EAM Beteiligungen GmbH,Facebook,meineeam
EAM GmbH & Co. KG,Facebook,meineeam
EAM Beteiligungen GmbH,Facebook,meineeam
EAM Netz GmbH,Facebook,meineeam
eco contract GmbH,Facebook,ecocontractgmbh
EDF power solutions Deutschland GmbH,X,edf_power
EDPR Deutschland GmbH,Instagram,edp.global
EEF Erneuerbare Energien Fabrik GmbH,Instagram,eef_erneuerbareenergienfabrik
EEG Energie- Einkaufs- und Service GmbH,Instagram,eeg.energie
EEW Energy from Waste GmbH,Instagram,eew_group
EFG Erdgas Forchheim GmbH,Facebook,stadtwerkeforchheimgmbh
EGF EnergieGesellschaft Frankenberg mbH,Instagram,egf_frankenberg
EGR Energiegesellschaft Riesa GmbH,Facebook,volltreffer.riesa
EGT AG,Facebook,egt1896
EGT Energie GmbH,Facebook,egt1896
EGT Energiehandel GmbH,Instagram,egt_gruppe
EGT Energievertrieb GmbH,Facebook,egt1896
EHINGER ENERGIE GmbH & Co. KG,Facebook,ehingerenergy
Eichsfelder Energie- und Wasserversorgungsgesellschaft mbH,Facebook,eew.duderstadt
Eigenbetrieb für kommunale Aufgaben und Dienstleistungen (EAD),Facebook,eaddarmstadt
Eigenbetrieb Wasser & Abwasser Trossingen,Facebook,stadtwerketrossingen
Eigenbetrieb Wasserwerk im Amt Itzstedt,Facebook,amtitzstedt
EINHORN-ENERGIE GmbH & Co. KG,Instagram,stadtwerke_giengen
Einride Technologies Germany GmbH,Facebook,einrideofficial
eins energie in sachsen GmbH & Co. KG,Facebook,eins.energie.in.sachsen
eins+null GmbH & Co. KG,Facebook,eundn
Eisenacher Versorgungs-Betriebe GmbH,Instagram,evb_energy
Elaway GmbH,Facebook,elawaycharging
ELE Verteilnetz GmbH,Facebook,emscher.lippe.energie
Elektrizitätswerk Aach GmbH,Facebook,ewerkaach
Elektrizitätswerk des Kantons Schaffhausen AG,Facebook,eks.energie
Elektrizitätswerk Goldbach-Hösbach GmbH & Co. KG,Instagram,ewerk.goldbach
Elektrizitätswerk Karl Stengle GmbH & Co. KG,Facebook,ewerkstengle
Elektrizitätswerk Landsberg GmbH,Facebook,lechwerke
Elektrizitätswerk Mittelbaden AG & Co. KG,Instagram,e_werk_mittelbaden
Elektrizitätswerke Reutte GmbH & Co. KG,Facebook,elektrizitaetswerkereutte
Elektroenergieversorgung Cottbus GmbH,Instagram,evc_cottbus
EMB Energie Brandenburg GmbH,Facebook,energiebrandenburg
EMB Energieversorgung Miltenberg-Bürgstadt GmbH & Co. KG,Facebook,embmil
Emscher Lippe Energie GmbH,Facebook,emscher.lippe.energie
Emschergenossenschaft und Lippeverband,Facebook,eglv.de
emsys VPP GmbH,Instagram,emsys_renewables
EnBW Energie Baden-Württemberg AG,Facebook,enbw
EnBW Energie Baden-Württemberg AG,Facebook,enbw
EnBW Energie Baden-Württemberg AG,Facebook,enbw
EnBW Ostwürttemberg DonauRies Aktiengesellschaft ODR,Facebook,enbwodr
ENCAVIS GmbH,X,encavis
ene't GmbH,Facebook,enetatwork
enercity AG,Facebook,enercity
enercity Erneuerbare GmbH,Instagram,enercity_erneuerbare
enercity Netz GmbH,Facebook,enercity
Energie AG Oberösterreich,Facebook,energieag
Energie Calw GmbH,Facebook,encw.de
Energie Mittelsachsen GmbH,Facebook,energiemittelsachsengmbh
Energie SaarLorLux AG,Instagram,energie_saarlorlux
Energie Südbayern GmbH,Facebook,energiesuedbayern
Energie und Wasser Potsdam GmbH,Facebook,stadtwerkepotsdam
Energie Waldeck-Frankenberg GmbH,Facebook,ewf.nordhessen
Energie- und Wasserversorgung Bruchsal GmbH,Instagram,stadtwerkebruchsalgmbh
Energie- und Wasserversorgung Bünde GmbH,Facebook,ewb.buende
Energie- und Wasserwerke Bautzen GmbH,Facebook,bautzenenergie
Energieallianz Austria GmbH,Instagram,energieallianzaustria
energiekonzept ortenau GmbH,Instagram,energiekonzept
Energienetze Mittelrhein GmbH & Co. KG,Facebook,meineevm
Energiepark Redlin GmbH & Co. KG,Facebook,wind.turbine.marketplace
Energiequelle GmbH,Facebook,energiequellegmbh
Energieservice Westfalen Weser GmbH,Facebook,westfalenweserenergie
EnergieServicePlus GmbH,X,legwohnen
EnergieSüdwest AG,Facebook,energiesuedwest
EnergieSüdwest Netz GmbH,Facebook,energiesuedwest
Energieversorgung Alzenau GmbH,Facebook,eva.alzenau
Energieversorgung Apolda GmbH,Instagram,energieversorgungapolda
Energieversorgung Filstal GmbH & Co. KG,Facebook,evfgoeppingen
Energieversorgung Greiz GmbH,Facebook,evgreiz
Energieversorgung Guben GmbH,Facebook,energieversorgunggubengmbh
Energieversorgung Halle Netz GmbH,Facebook,swh.stadtwerkehalle
Energieversorgung Leverkusen GmbH & Co. KG,Facebook,evl.leverkusen
Energieversorgung Lohr-Karlstadt und Umgebung GmbH & Co. KG,Instagram,die_energie_
Energieversorgung Main-Spessart GmbH,Facebook,energieversorgungmainspessart
Energieversorgung Marienberg GmbH,Instagram,swm_evm_marienberg
Energieversorgung Mittelrhein AG,Facebook,meine.evm
Energieversorgung Nordhausen GmbH,Facebook,evnordhausen
Energieversorgung Oberes Wiesental GmbH,Facebook,eowtodtnau
Energieversorgung Oberhausen AG,Facebook,evo.energie
Energieversorgung Offenbach AG,Facebook,energieversorgung.offenbach
Energieversorgung Rudolstadt GmbH,Facebook,evr.rudolstadt
Energieversorgung Sehnde GmbH,Instagram,energieversorgung.sw.sehnde
Energieversorgung Selb-Marktredwitz GmbH,Facebook,esmselb
Energieversorgung Sylt GmbH,Instagram,evs_sylt
Energieversorgung Trossingen GmbH,Facebook,stadtwerketrossingen
Energiewerke Zeulenroda GmbH,Instagram,ewz_zeulenroda
energis GmbH,Facebook,erlebe.energis
Energy2market GmbH,X,e2m_media
ENERGY4U GmbH,Facebook,energy4u.ka
Energyminer GmbH,Instagram,energyminer_gmbh
Enerparc AG,X,enerparc
ENERTRAG SE,Facebook,enertrag
ENGIE Deutschland AG,Facebook,engiedeutschland
ENGIE Deutschland AG,Facebook,engiedeutschland
ENGIE Deutschland AG,Facebook,engiedeutschland
ENGIE Energy Management Solutions GmbH,Facebook,engiedeutschland
Enmacc GmbH,Facebook,enmaccofficial
ENOVA Power GmbH,Instagram,enova.power
Enovos Energie Deutschland GmbH,Facebook,enovos.deutschland.se
Enovos Power GmbH,Facebook,enovos.deutschland.se
Enovos Renewables GmbH,Facebook,enovos.deutschland.se
Enovos Renewables O&M GmbH,Facebook,enovos.deutschland.se
Enovos Storage GmbH,Facebook,enovos.deutschland.se
Enpal Energy GmbH,Facebook,enpal.de
enPORTAL GmbH,X,enportal_gmbh
ENRW Energieversorgung Rottweil GmbH & Co. KG,Facebook,enrwrottweil
ENTEGA Abwasserreinigung GmbH & Co. KG,X,entega
ENTEGA AG,X,entega
ENTEGA Plus GmbH,Facebook,entega
Entsorgungsverband Saar Körperschaft des öffentlichen Rechts,Instagram,evs_entsorgungsverbandsaar
envia Mitteldeutsche Energie AG (enviaM),Facebook,enviam
envia SERVICE GmbH,Instagram,enviam_gruppe
envia THERM GmbH,Instagram,enviam_gruppe
enwag energie- und wassergesellschaft mbH,Facebook,enwag
enwor Netz GmbH,Facebook,enworgmbh
eprimo GmbH,Facebook,eprimo.energie
Equinor Deutschland GmbH,Facebook,equinor
Erdgas Südwest GmbH,Facebook,erdgassuedwest
Erftverband,Facebook,erftverband
ESN EnergieSystemeNord GmbH,Facebook,energiesystemenord
ESSO Deutschland GmbH,Facebook,essodeutschland
ESTW - Erlanger Stadtwerke AG,Instagram,erlanger_stadtwerke
ESWE Versorgungs AG,Facebook,esweversorgung
Eurogate Technical Services GmbH,Instagram,eurogate_group
EVB Netze GmbH,Instagram,evb_energy
evd energieversorgung dormagen gmbh,Facebook,evddormagen
EVH GmbH,Instagram,evh.halle.saale
EVI Energieversorgung Hildesheim GmbH & Co. KG,Facebook,evihildesheim
EVL Energieversorgung Limburg GmbH,Facebook,evl.limburg
EVN AG,Facebook,evn
Evonik Operations GmbH,Facebook,evonik
EW Eichsfeldgas GmbH,Instagram,eichsfeldwerke.gmbh
EW Geiger GmbH,Instagram,ewerkgeiger
EW Wasser GmbH,Instagram,eichsfeldwerke.gmbh
EW-Schmid GmbH,Facebook,ewschmidgmbh
EWE Aktiengesellschaft,Facebook,eweerleben
EWE Go GmbH,Facebook,ewegogmbh
EWE TEL GmbH,Facebook,eweerleben
EWE TRADING GmbH,Instagram,echt_ewe
EWE VERTRIEB GmbH,Instagram,echt_ewe
EWR Aktiengesellschaft,Facebook,ewr.ag
EWR GmbH,Facebook,ewrremscheid
EWV Energie- und Wasser-Versorgung GmbH,Facebook,ewvenergie
exceeding solutions GmbH,Instagram,exceeding_solutions
ExxonMobil Central Europe Holding GmbH,Facebook,exxonmobildeutschland
ExxonMobil Production Deutschland GmbH,Facebook,exxonmobildeutschland
EY GmbH & Co. KG Wirtschaftsprüfungsgesellschaft,X,ey_germany
EZV Energie- und Service GmbH & Co. KG Untermain,Facebook,ezvenergie
f(x) energy GmbH,Facebook,fx.energy.gmbh
FairEnergie GmbH,Instagram,stadtwerke_reutlingen
FairNetz GmbH,Instagram,fairnetzgmbh
Fastned Deutschland GmbH & Co. KG,Facebook,fastned
Fernwasserversorgung Elbaue-Ostharz GmbH,Facebook,fernwassereo
Fernwasserversorgung Oberfranken,Facebook,fernwasserversorgungoberfranken
Fernwärme Ulm GmbH,Instagram,fug_ulm
FFR Fernwärmeversorgung Flugplatz Ramstein GmbH,Facebook,pfalzwerkeaktiengesellschaft
figawa e. V.,Instagram,figawa_ev
Fischereihafen-Betriebsgesellschaft mbH,Facebook,derfischereihafen
Flughafen Düsseldorf GmbH,Facebook,dus
Fluxys Deutschland GmbH,X,fluxysgroup
FLUXYS TENP GmbH,X,fluxysgroup
Fraport AG Frankfurt Airport Services Worldwide,Facebook,frankfurtairport
Freiberger Erdgas GmbH,Facebook,swfreiberg
Freiberger Erdgas GmbH,Facebook,swfreiberg
Freihoff Sicherheitsservice GmbH,Facebook,freihoffgroup
Freisinger Stadtwerke,Facebook,stadtwerkefreising
Freisinger Stadtwerke Versorgungs-GmbH,Facebook,stadtwerkefreising
Frequentum GmbH,Instagram,frequentum_com
FriesenEnergie GmbH,Facebook,friesenenergie
Gammertinger Energie- und Wasserversorgung GmbH,Instagram,gew_gmbh
Gas- und Wasserwerke Bous-Schwalbach GmbH,Facebook,gasundwasserwerkebousschwalbach
GASAG AG,Facebook,gasagde
GASAG Solution Plus GmbH,Facebook,gasagde
GASCADE Gastransport GmbH,Facebook,gascade
Gasunie Deutschland Transport Services GmbH,X,gasunie
Dessauer Stromversorgung GmbH,Facebook,stadtwerkedessau
Gasversorgung Ebermannstadt GmbH,Instagram,stadtwerke_ebermannstadt
Gasversorgung Eisenhüttenstadt GmbH,Facebook,stadtwerkeeisenhuettenstadt
Gasversorgung Garbsen GmbH,Facebook,stadtwerkegarbsen
Gasversorgung Grafschaft Hoya GmbH,Instagram,grafschaft.hoya
Gasversorgung Görlitz GmbH,Facebook,stadtwerkegoerlitz
Gasversorgung Main-Kinzig GmbH,Facebook,mainkinziggas
Energieversorgung Offenbach AG,Facebook,energieversorgung.offenbach
Gasversorgung Torgelow GmbH,Facebook,stadtwerketorgelow
Gasversorgung Unterfranken GmbH,Facebook,gasuf
Gasversorgung Westerwald GmbH,Facebook,meine.evm
GE Wind Energy GmbH,Instagram,gevernova_salzbergen
Gelsenwasser AG,Facebook,gelsenwasser
Gelsenwasser Entwicklungsgesellschaft Dresden mbH,Facebook,gelsenwasser
Gemeinde Dörentrup,Facebook,doerentrup
Gemeinde Extertal,Instagram,gemeindeextertal
Gemeinde Liederbach,Facebook,liederbachamtaunus
Gemeinde Neuhof -Wasserversorgung-,Facebook,gemeindenhf
Gemeinde Neunkirchen-Seelscheid -Gemeindewerke-,Facebook,nkse.de
Gemeindewasserwerk Nonnweiler,Facebook,gemeindenonnweiler
Gemeindewasserwerk Perl,Instagram,perl.mosel.saarland
Gemeindewasserwerk Riegelsberg,Facebook,riegelsberg
Gemeindewasserwerk Schmelz,Facebook,gemeinde.schmelz
Gemeindewasserwerk Waldfeucht,Facebook,gemeindewaldfeucht
Gemeindewasserwerk Weiskirchen,Facebook,gemeindeweiskirchen
Gemeindewerke Ainring,Facebook,ainring.de
Gemeindewerke Bad Zwischenahn für Wasser und Abwasser,Facebook,gemeindebadzwischenahn
Gemeindewerke Bobenheim-Roxheim GmbH,Facebook,stwfrankenthal
Gemeindewerke Brüggen GmbH,Facebook,gemeindewerke.brueggen
Gemeindewerke Georgensgmünd,Instagram,georgensgmuend_de
Gemeindewerke Glattbach,Facebook,glattbach
Gemeindewerke Grefrath GmbH,Facebook,gemeindewerke.grefrath
Gemeindewerke Gundelfingen GmbH,Facebook,gwg.gundelfingen
Gemeindewerke Heikendorf AöR,Facebook,gemeindewerkeheikendorf
Gemeindewerke Hohentengen,Facebook,hohentengen
Gemeindewerke Holzkirchen GmbH,Instagram,gemeindewerke.holzkirchen
Gemeindewerke Ismaning,Facebook,ismaning.de
Gemeindewerke Kahl Versorgungsgesellschaft mbH,Instagram,gemeindewerkekahl
Gemeindewerke Kerken,Facebook,gemeindekerken
Gemeindewerke Malente AöR,Facebook,gemeindewerkemalente
Gemeindewerke Murnau a. Staffelsee,Facebook,gemeindewerke.murnau
Gemeindewerke Nümbrecht GmbH,Facebook,gwn24
Gemeindewerke Nümbrecht Netz GmbH,Facebook,gwn24
Gemeindewerke Peiner Land GmbH & Co. KG,Facebook,gemeindewerkepeinerland
Gemeindewerke Peißenberg KU,Facebook,gemeindewerke.peissenberg
Gemeindewerke Ruppichteroth GmbH,Instagram,gwr_gmbh
Gemeindewerke Schutterwald,Facebook,gemeindewerkeschutterwald
Gemeindewerke Steinhagen GmbH,Facebook,gswerke
Gemeindewerke Stockelsdorf GmbH,Instagram,gemeindewerke_stockelsdorf
Gemeindewerke Wadgassen GmbH,Instagram,gemeindewerke.wadgassen
Gemeindewerke Waging a. See,Facebook,gemeindewerkewaging
Gemeindewerke Waldbronn -Wasserversorgung-,Instagram,gemeinde.waldbronn
Gemeindewerke Wendelstein KU,Facebook,gemeindewerkewendelstein
Gemeinschaftskraftwerk Irsching GmbH,Facebook,uniperenergy
General Electric Deutschland Holding GmbH (GE Vernova),Facebook,gevernova
Genossenschaftsverband Weser-Ems e.V.,Instagram,genossenschaftsverband_we
GEO Gesellschaft für Energieversorgung Ostalb mbH,Instagram,geo_ostalb
GEW Wilhelmshaven GmbH,Facebook,gew.wilhelmshaven
Gewobag ED Energie- und Dienstleistungsgesellschaft mbH,Facebook,gewobag
GISA GmbH,Facebook,gisa.de
goldgas GmbH,Facebook,goldgas
Gorillini NV,Facebook,gorilladata
Gothaer Stadtwerke Energie GmbH,Facebook,stadtwerkegotha
Gothaer Stadtwerke NETZ GmbH,Facebook,gothaerstadtwerkeenergie
GP JOULE GmbH,Facebook,gpjoule
GP JOULE Plus GmbH,Facebook,gpjoule
green flexibility development GmbH,Instagram,green.flexibility
greenventory GmbH,Facebook,greenventory.de
gridX GmbH,X,getgridx
GSW Gemeinschaftsstadtwerke GmbH Kamen - Bönen - Bergkamen,Facebook,gswgmbh
GVG Rhein-Erft GmbH,Facebook,gvgrheinerft
GVH Gasversorgung Haar GmbH,Facebook,stadtwerke.haar
GVP Gasversorgung Pforzheim Land GmbH,Facebook,gasversorgung.pforzheim
GVW GmbH,Facebook,gvwgmbh
GWAdriga GmbH & Co. KG,X,gwadriga
GWBS Netzgesellschaft mbH,Facebook,gasundwasserwerkebousschwalbach
Haager Beteiligungs-AG,Instagram,kraftwerkehaag
Hallesche Wasser und Stadtwirtschaft GmbH,Facebook,hws.hallesche.wasser.und.stadtwirtschaft
Hamburg Wasser,Facebook,hamburgwasser
Hamburger Energienetze GmbH,Facebook,hamburgerenergienetze
Hamburger Energiewerke GmbH,Facebook,hamburgerenergiewerke
Hamburger Energiewerke Mobil GmbH,Facebook,hamburgerenergiewerke
Hamburg Wasser,Facebook,hamburgwasser
Hamburger Wasserwerke GmbH,Facebook,hamburgwasser
Hansen Technologies Germany GmbH,Facebook,hansentechnologies
HanseWerk AG,Facebook,hansewerk
HanseWerk Natur GmbH,Facebook,hansewerk
Harz Energie GmbH & Co. KG,Facebook,harzenergie
Harz Energie Netz GmbH,Facebook,harzenergie
Harzwasserwerke GmbH,Instagram,harzwasserwerke
Hamburger Energiewerke GmbH,Facebook,hamburgerenergiewerke
Herzo Werke GmbH,Instagram,herzo_stadtwerke
Hessenwasser GmbH & Co. KG,Facebook,hessenwasser
Hochsauerlandwasser GmbH,Facebook,hochsauerlandwasser
homee GmbH,Facebook,stromee.de
HORNE E-TECH GMBH,Facebook,hornegruppe
Hubject GmbH,Facebook,hubject
IBC Solar AG,Facebook,ibcsolar.de
illwerke vkw AG,Facebook,illwerke.vkw
inexogy smart metering GmbH & Co. KG,Facebook,inexogy
infra fürth gmbh,Facebook,infra.fuerth
Ingolstädter Kommunalbetriebe AöR,Facebook,inkb.kommunalbetriebe
INOL GmbH,Facebook,inolgmbh
IONITY GmbH,Facebook,ionity.eu
Iqony Energies GmbH,Instagram,steag_iqony_group
Iqony Fernwärme GmbH,Instagram,steag_iqony_group
Iqony GmbH,Instagram,steag_iqony_group
Iqony Renewables GmbH,Instagram,steag_iqony_group
Iqony Solutions GmbH,Instagram,steag_iqony_group
Iqony Technischer Service GmbH,Instagram,steag_iqony_group
Iqony Wärme GmbH,Instagram,steag_iqony_group
iS Software GmbH,Instagram,is.software
ista SE,X,ista_aktuell
IT-Consult Halle GmbH,Facebook,swh.stadtwerkehalle
ITC Internet-Trade-Center AG,Facebook,itcag
items GmbH & Co. KG,Instagram,items.karriere
ITVT Energy Solutions UG,Facebook,itvtgroup
Jolt Energy GmbH,X,joltenergygroup
juwi GmbH,Facebook,juwigruppe
Kasseler Verkehrs- und Versorgungs-GmbH,Facebook,kvv.kassel
KASSELWASSER Eigenbetrieb der Stadt,Instagram,kasselwasser
KBG Kraftstrom-Bezugsgenossenschaft Homberg eG,Facebook,kbghomberg
Kernkraftwerk Brokdorf GmbH & Co. oHG,Facebook,preussenelektra
Kernkraftwerk Brunsbüttel GmbH & Co. oHG,Facebook,vattenfall
KEW Kommunale Energie- und Wasserversorgung AG,Facebook,kewneunkirchen
Kisters AG,Facebook,kisters.ag
KlimaInvest Green Concepts GmbH,Instagram,klimainvest_green_concepts
Knauber Erdgas GmbH,Facebook,knauber.de
KommEnergie GmbH,Facebook,kommenergie
Kommunale Wasserwerke Leipzig GmbH,Facebook,leipzigergruppe
Kommunalunternehmen Stadtwerke Penzberg,Instagram,stadtwerke_penzberg
Kommunalunternehmen Stadtwerke Pfaffenhofen an der Ilm,Facebook,stadtwerkepfaffenhofen
Kommunalunternehmen Stadtwerke Weiden i.d.OPf. AöR,Instagram,stadtwerke.weiden
Kraftwerk Farchant A. Poettinger & Co. KG,Instagram,kraftwerkfarchant
E.ON Business Solutions Deutschland GmbH,Facebook,eonenergiede
Kraftwerk Reutlingen-Kirchentellinsfurt AG,Instagram,stadtwerke_reutlingen
Kreiswasserwerk Neuwied Eigenbetrieb des Landkreises Neuwied,Facebook,swnneuwied
Kreiswerke Cham -Wasserversorgung-,Facebook,landkreischam
Kreiswerke Cochem-Zell - Wasserversorgung,Instagram,kv_cochemzell
Kreiswerke Grevenbroich GmbH,Facebook,kreiswerkegrevenbroich
Kreiswerke Main-Kinzig GmbH,Facebook,kreiswerke
Köthen Energie GmbH,Facebook,koethenergie
LandE GmbH,Instagram,lswholding
Landis+Gyr GmbH,Facebook,landisgyr
LandStrom GmbH & Co. KG,Facebook,landwindgruppe
Lechwerke AG,Facebook,lechwerke
lekker Energie GmbH,Facebook,energieladen.lekker
LEW Natur GmbH,Facebook,lechwerke
LEW Service & Consulting GmbH,Facebook,lechwerke
LEW TelNet GmbH,Facebook,lechwerke
LEW Verteilnetz GmbH,Facebook,lechwerke
LEW Wasserkraft GmbH,Facebook,lechwerke
LHYFE Germany GmbH,X,lhyfe_hydrogen
Licht- und Kraftwerke Sonneberg GmbH,Facebook,likrasonneberg
"Licht-, Kraft- und Wasserwerke Kitzingen GmbH",Facebook,lkwkitzingen
LichtBlick eMobility GmbH,Facebook,lichtblick.de
Lime Technologies Germany GmbH c/o Userlike UG,Facebook,limetechnologiesab
Linksniederrheinische Entwässerungs-Genossenschaft (LINEG) KöR,Instagram,lineg.kommunikation
LSW Netz GmbH & Co. KG,Facebook,lswholding
Lumenaza GmbH,Facebook,lumenaza
LVV Leipziger Versorgungs- und Verkehrsgesellschaft mbH,Facebook,leipzigergruppe
LWG Lausitzer Wasser GmbH & Co. KG,Instagram,lwgcottbus
LYNQTECH GmbH,Instagram,lynqtech
Lörmecke-Wasserwerk GmbH,Facebook,loermecke
Magistrat der Stadt Eppstein -Fachbereich Wasser und Kanal-,Facebook,stadt.eppstein
Magistrat der Stadt Groß-Umstadt Abt. 250,Facebook,grossumstadt
Magistrat der Stadt Ober-Ramstadt,Facebook,stadt.ober.ramstadt
Mainova AG,X,mainovaag
Mainova Gemeinschaftswindpark Hohenahr GmbH & Co. KG,Facebook,mainova
Mainova AG,X,mainovaag
Mainova Gemeinschaftswindpark Hohenahr GmbH & Co. KG,Facebook,mainova
Mainova ServiceDienste GmbH,Facebook,mainova
Mainova Gemeinschaftswindpark Hohenahr GmbH & Co. KG,Facebook,mainova
Mainova Gemeinschaftswindpark Hohenahr GmbH & Co. KG,Facebook,mainova
Mainova Gemeinschaftswindpark Hohenahr GmbH & Co. KG,Facebook,mainova
Mainova Gemeinschaftswindpark Hohenahr GmbH & Co. KG,Facebook,mainova
Mainova Gemeinschaftswindpark Hohenahr GmbH & Co. KG,Facebook,mainova
Maintal-Werke GmbH,Instagram,maintal_werke
Mainzer Netze GmbH,Facebook,mainzerstadtwerke
Mainzer Stadtwerke AG,Facebook,mainzerstadtwerke
Mark-E Aktiengesellschaft,Instagram,mark_e.energie
Mark-E Effizienz GmbH,Facebook,markeeffizienz
Markt Küps,Facebook,marktkueps
Maschinenringe Deutschland GmbH,Facebook,maschinenring
Materna Information & Communications SE,Facebook,materna.se
Matthäi Energie GmbH,Facebook,matthaeibauunternehmen
MDCC Magdeburg-City-Com GmbH,Facebook,mdcc.magdeburg
mea Energieagentur Mecklenburg-Vorpommern GmbH,Instagram,energieagentur.mv
MEGA Monheimer Elektrizitäts- und Gasversorgung GmbH,Facebook,megamonheim
Meißener Stadtwerke GmbH,Facebook,stadtwerkemeissen
Mer Germany GmbH,Facebook,meremobility
MIBRAG GmbH,Instagram,mibrag_karriere
MIDEWA Wasserversorgungsgesellschaft in Mitteldeutschland mbH,Instagram,midewa_wasserversorger
Mindener Stadtwerke GmbH,Facebook,mindenerstadtwerke
Mindener Wasser GmbH,Facebook,mindenerstadtwerke
Mittelhessen Netz GmbH,Facebook,stadtwerkegiessenag
Mobil Erdgas-Erdöl GmbH,Facebook,exxonmobildeutschland
MVV Enamic GmbH,Facebook,mvv.energie
MVV Energie AG,Facebook,mvv.energie
MVV Netze GmbH,Facebook,mvv.energie
MVV RHE GmbH,Facebook,mvv.energie
MVV Trading GmbH,Facebook,mvv.energie
MVV Umwelt GmbH,Facebook,mvv.energie
N-ERGIE Netz GmbH,Facebook,nergienuernberg
naturenergie hochrhein AG,Facebook,naturenergie.oekostrom
naturenergie holding AG,Facebook,naturenergie.oekostrom
naturenergie netze GmbH,Facebook,naturenergienetze
Naturstrom Rheinland-Pfalz GmbH,Facebook,meine.evm
NBB Netzgesellschaft Berlin-Brandenburg mbH & Co. KG,X,nbb_de
Neckar - Aktiengesellschaft,Facebook,enbw
Netz Leipzig GmbH,Facebook,leipzigergruppe
NETZE Bad Langensalza GmbH,Instagram,stadtwerke_badlangensalza
Netze BW GmbH,Facebook,netzebw
Netze BW Wasser GmbH,Instagram,netze_bw
Netze Calw GmbH,Instagram,energie_calw
Netze Duisburg GmbH,Facebook,stadtwerkeduisburg
Netze Magdeburg GmbH,Facebook,swm.magdeburg
Netze ODR GmbH,Instagram,netzeodr
Netze-Gesellschaft Südwest mbH,Facebook,netzesuedwest
Netzgesellschaft Ahlen mbH,Facebook,stadtwerkeahlengruppe
Netzgesellschaft Bitterfeld-Wolfen mbH,Facebook,stadtwerkebitterfeldwolfen
Netzgesellschaft Düsseldorf mbH,Facebook,swdag
Netzgesellschaft Eisenberg mbH,Facebook,stadtwerkeeisenbergenergie
Netzgesellschaft Gütersloh mbH,Facebook,stadtwerke.guetersloh
Netzgesellschaft Lübbecke mbH,Facebook,swluebbecke
Netzgesellschaft Potsdam GmbH,Instagram,energieauspotsdam
Netzgesellschaft Schwerin mbH (NGS),Instagram,stadtwerke_schwerin
Netzwerke Merzig GmbH,Facebook,swmerzig
Netzwerke Saarlouis GmbH,Facebook,stadtwerkesaarlouis
Neubrandenburger Stadtwerke GmbH,Facebook,neu.sw
NEW AG,Facebook,new.niederrhein
NEW Netz GmbH,Facebook,new.niederrhein
NEW Niederrhein Energie und Wasser GmbH,Facebook,new.niederrhein
NEW NiederrheinWasser GmbH,Facebook,new.niederrhein
NEW Viersen GmbH,Instagram,new_gruppe
Next Kraftwerke GmbH,Facebook,nextkraftwerkedirektvermarktung
NGN NETZGESELLSCHAFT NIEDERRHEIN MBH,Facebook,swk.krefeld
Niedersachsen Ports GmbH & Co. KG,Facebook,niedersachsenports
Nienburg Energie GmbH,Facebook,stadtwerkenienburg
NiersEnergie GmbH,Facebook,niersenergie
Niersverband,Facebook,niersverband
node.energy GmbH,Facebook,node.energy
Nord Pool AS,X,nordpool_energy
Nordhausen Netz GmbH,Facebook,evnordhausen
Kernkraftwerk Brunsbüttel GmbH & Co. oHG,Facebook,vattenfall
Nordseeheilbad Borkum GmbH,Instagram,stadtwerke_borkum
Nordwasser GmbH,Facebook,nordwassergmbh
Oberhausener Netzgesellschaft mbH,X,ob_netz
Oberhessische Gasversorgung GmbH,Facebook,oberhessengas
Oberhessische Versorgungs- und Verkehrsgesellschaft mbH (OVVG),Facebook,ovag.gruppe
Oberhessische Versorgungsbetriebe AG,Facebook,ovag.gruppe
Octopus Energy Germany GmbH,Facebook,octopusenergyde
OIE AG,Facebook,oie.youandme
Omexom Renewable Energies Offshore GmbH,Facebook,omexomdeutschland
OMV Gas Marketing & Trading Deutschland GmbH,Facebook,omv
OMV Green Energy GmbH,Facebook,omv
on-collect solutions AG,Instagram,oncollectsolutionsag
OneSolar Energie GmbH & Co. KG,Facebook,onesolarinternational
ONTRAS Gastransport GmbH,X,ontras_netz
Onyx Germany GmbH,Instagram,onyx.power
OOWV Oldenburgisch-Ostfriesischer Wasserverband,Facebook,meinoowv
Open Grid Europe GmbH,Facebook,opengrideurope
OPUS Personaldienstleistungen GmbH,Instagram,steag_iqony_group
Orsted Germany GmbH,Facebook,orsted
Osterholzer Stadtwerke GmbH & Co. KG,Facebook,osterholzer.stadtwerke
ovag Netz GmbH,Facebook,ovag.gruppe
PFALZKOM GmbH,Facebook,pfalzkom
PFALZWERKE AKTIENGESELLSCHAFT,Facebook,pfalzwerkeaktiengesellschaft
Pfalzwerke Netz AG,Facebook,pfalzwerkeaktiengesellschaft
phi-Consulting GmbH,Instagram,phi_consulting_gmbh
Pincode Telenet B.V.,Instagram,pti.nl
PNE AG,Facebook,pneag
prego services GmbH,Facebook,pregoservices
Kernkraftwerk Brokdorf GmbH & Co. oHG,Facebook,preussenelektra
PRIMAGAS Energie GmbH,Facebook,primagasenergie
PROKON Regenerative Energien eG,Facebook,prokon.eg
providata GmbH,Instagram,providata_gmbh
PSI Software SE,X,psiag
Qwello GmbH,Facebook,qwellogermany
R:loaded SE,Instagram,rloaded.se
RDE Regionale Dienstleistungen Energie GmbH & Co. KG,Instagram,rde.energie.dienst.leistung
Regensburg Netz GmbH,Facebook,derversorger.rewag
regiocom SE,Facebook,regiocomse
Regionetz GmbH,Facebook,regionetzgmbh
REMONDIS Energy & Services GmbH & Co. KG,Instagram,remondis_official
REMONDIS Energy & Services GmbH & Co. KG,Instagram,remondis_official
BayWa r.e. AG,Facebook,bwre.global
Reonic GmbH,Facebook,reonic.de
Respect Energy GmbH,Facebook,respect.energypl
REWAG Regensburger Energie- und Wasserversorgung AG & Co KG,Facebook,derversorger.rewag
Rhein-Sieg Netz GmbH,Facebook,rheinsiegnetz
RheinEnergie AG,Facebook,ag.rheinenergie
Rheinhessische Energie- und Wasserversorgungs- GmbH,Facebook,rheinhessische
rhenag Rheinische Energie AG,X,rhenagde
RhönEnergie Effizienz + Service GmbH,Facebook,rhoenenergiefd
RhönEnergie Erneuerbare GmbH,Facebook,rhoenenergiefd
RhönEnergie Fulda GmbH,Facebook,rhoenenergiefd
RhönEnergie Osthessen GmbH,Facebook,rhoenenergiefd
Riverty Group GmbH,Facebook,riverty.de
rku.it GmbH,Facebook,rku.it.gmbh
Rothmoser GmbH & Co. KG,Facebook,rothmoser
Ruhrverband,Facebook,ruhrverband
RWE AG,Facebook,rwegroup
RWE Gas Storage West GmbH,X,rwe_ag
RWE AG,Facebook,rwegroup
RWE Generation SE,Instagram,rwe.global
RWE Kaskasi GmbH,Instagram,rwe.global
RWE Neuland Erneuerbare Energien GmbH & Co. KG,Instagram,rwe.global
RWE AG,Facebook,rwegroup
RWE Offshore Wind GmbH,Instagram,rwe.global
RWE Power AG,Instagram,rwe.global
RWE Renewables Deutschland GmbH,Instagram,rwe.global
RWE Renewables Deutschland GmbH,Instagram,rwe.global
RWE Renewables PV Schönau GmbH,Instagram,rwe.global
RWE Supply & Trading GmbH,Instagram,rwe.global
RWE Technology International GmbH,Instagram,rwe.global
RWE Wind Onshore & PV Deutschland GmbH,Instagram,rwe.global
RWW Rheinisch-Westfälische Wasserwerksgesellschaft mbH,Facebook,rww
Saar-Mosel Werke Konz AöR,Instagram,smw_konz
SachsenEnergie AG,Facebook,sachsenenergie
SachsenGigaBit GmbH,Facebook,sachsenenergie
SachsenNetze GmbH,Facebook,sachsenenergie
SachsenNetze HS.HD GmbH,Facebook,sachsenenergie
SachsenServices GmbH,Facebook,sachsenenergie
Schleswig-Holstein Netz Beteiligungs-AG,Instagram,ausbildung_shnetz
Schleswig-Holstein Netz GmbH,X,sh_netz
Schleswiger Stadtwerke GmbH,Instagram,stadtwerkesh
Schleupen SE,Facebook,schleupense
Schluchseewerk AG,Instagram,schluchseewerk_ag
schwaben netz gmbh,Facebook,energieschwaben
schwaben regenerativ gmbh,Facebook,energieschwaben
Seeburger AG,Facebook,seeburgerb2b
SEFE Securing Energy for Europe GmbH,X,sefegmbh
SENEC GmbH,Facebook,senec.gmbh
SenerTec Kraft-Wärme-Energiesysteme GmbH,Facebook,derdachs
Service4Charger GmbH,Instagram,service4charger
SGB Energie GmbH,Instagram,sgb.connect.to.energy
Deutsche Shell Holding GmbH,Facebook,shelldeutschland
Deutsche Shell Holding GmbH,Facebook,shelldeutschland
SIV.AG,Facebook,sivde
Skyborn Renewables offshore solutions GmbH,Instagram,skybornrenewables
SL Grüner Strom GmbH & Co. KG,Facebook,sl.naturenergie
SL NaturEnergie GmbH,Facebook,sl.naturenergie
Smartlab Innovationsgesellschaft mbH,Instagram,smartlabgmbh
smartOPTIMO GmbH & Co. KG,X,smartoptimo
SMATRICS GmbH & Co KG,Facebook,smatrics.net
Solar Wolfhagen GmbH,Facebook,stadtwerkewolfhagengmbh
Solarkraftwerk Frauental GmbH,Instagram,enovos_deutschland
Solarpark Leiwen-Sonnenberg GmbH & Co. KG,Facebook,enovos.deutschland.se
Soluvia Energy Services GmbH,Facebook,mvv.energie
Soluvia IT-Services GmbH,Facebook,mvv.energie
SOLYTIC GmbH,Facebook,solytic
sonnen eServices GmbH,Facebook,sonnende
SSW Netz GmbH,Facebook,sswstadtwerkestwendel
SSW-Stadtwerke St. Wendel GmbH & Co. KG,Facebook,sswstadtwerkestwendel
Stadt Arnsberg Stadtentwässerung,Facebook,stadt.arnsberg
Stadt Bad Sachsa,Facebook,badsachsa
Stadt Rheinbach Eigenbetrieb Wasserwerk,Facebook,stadtrheinbach
Stadt- und Überlandwerke GmbH Lübben,Facebook,energieausluebben
Stadtentwässerung Dresden GmbH,Facebook,stadtentwaesserung.dresden
Stadtentwässerung Hildesheim AöR,Instagram,sehi_hildesheim
Stadtentwässerung Kaiserslautern AöR,Instagram,stadtentwaesserung_kl
Stadtnetze Münster GmbH,Facebook,stadtwerke.muenster
Stadtnetze Neustadt a. Rbge. GmbH & Co. KG,Facebook,ideenstadtwerke
Stadtwerk am See GmbH & Co. KG,Facebook,stadtwerkamsee
Stadtwerk Haßfurt GmbH,Facebook,stadtwerk.hassfurt
Stadtwerk Tauberfranken GmbH,Facebook,stadtwerktauberfranken
Stadtwerke - Strom Plauen GmbH & Co. KG,Facebook,stadtwerkestromplauen
Stadtwerke Aalen GmbH,Facebook,stadtwerkeaalen
Stadtwerke Achim AG,Facebook,stadtwerkeachim
Stadtwerke Ahlen GmbH,Facebook,stadtwerkeahlengruppe
Stadtwerke Alsfeld,Facebook,stadtalsfeld
Stadtwerke Altdorf GmbH,Instagram,stadtwerkealtdorf
Stadtwerke Altensteig,Instagram,stadtwerke_altensteig
Stadtwerke Amberg Versorgungs GmbH,Facebook,stadtwerkeamberg
Stadtwerke Andernach Energie GmbH,Facebook,stadtwerkeandernach
Stadtwerke Annaberg-Buchholz Energie AG,Facebook,stadtwerkeannabergbuchholz
Stadtwerke Arnsberg GmbH,Facebook,stadtwerkearnsberg
Stadtwerke Arnstadt GmbH,Facebook,swarnstadt
Stadtwerke Arnstadt Netz GmbH & Co. KG,Facebook,swarnstadt
Stadtwerke Aschersleben GmbH,Facebook,stadtwerkeaschersleben
Stadtwerke Aue - Bad Schlema GmbH,Facebook,stadtwerkeaue
Stadtwerke Augsburg Energie GmbH,Facebook,stadtwerke.augsburg
Stadtwerke Augsburg Energie GmbH,Facebook,stadtwerke.augsburg
Stadtwerke Augsburg Energie GmbH,Facebook,stadtwerke.augsburg
Stadtwerke Backnang GmbH,Facebook,stadtwerkebacknang
Stadtwerke Bad Aibling,Instagram,stadtwerkebadaibling
Stadtwerke Bad Belzig GmbH,Instagram,stadtwerke.badbelzig
Stadtwerke Bad Bramstedt Netz GmbH,Facebook,stadtwerkebb
Stadtwerke Bad Harzburg GmbH,Instagram,stadtwerke_badharzburg
Stadtwerke Bad Hersfeld GmbH,Instagram,stadtwerke_bad_hersfeld
Stadtwerke Bad Homburg v.d.Höhe,Instagram,stadtwerke_badhomburg
Stadtwerke Bad Kissingen GmbH,Facebook,stwkiss
Stadtwerke Bad Langensalza GmbH,Instagram,stadtwerke_badlangensalza
Stadtwerke Bad Nauheim GmbH,Facebook,stwbn
Stadtwerke Bad Reichenhall KU,Facebook,meinestwbr
Stadtwerke Bad Salzuflen GmbH,Facebook,stadtwerke.bad.salzuflen
Stadtwerke Bad Saulgau,Facebook,stadtwerke.badsaulgau
Stadtwerke Bad Soden am Taunus,Facebook,badsodentaunus
Stadtwerke Bad Tölz GmbH,Facebook,stadtwerkebadtoelz
Stadtwerke Bad Windsheim,Instagram,stadtwerke_badwindsheim
Stadtwerke Bad Wörishofen,Instagram,stadtwerke_badwoerishofen
Stadtwerke Baden-Baden,Facebook,stadtwerkebadenbaden
Stadtwerke Balingen,Facebook,stadtwerkebalingen
Stadtwerke Bamberg Energie- und Wasserversorgungs GmbH,Facebook,stadtwerke.bamberg
Stadtwerke Barmstedt,Facebook,stwbarmstedt
Stadtwerke Barth GmbH,Instagram,stadtwerkebarth
Stadtwerke Bayreuth Energie und Wasser GmbH,Instagram,stadtwerke_bayreuth
Stadtwerke Bebra GmbH,Facebook,stadtwerkebebra
Stadtwerke Bernau GmbH,Instagram,stadtwerke_bernau
Stadtwerke Bernburg GmbH,Facebook,stadtwerke.bernburg
Stadtwerke Bexbach GmbH,Facebook,stadtwerkebexbach
Stadtwerke Bielefeld GmbH,Facebook,stadtwerke.bielefeld
Stadtwerke Bietigheim-Bissingen GmbH,Instagram,stadtwerke_bietigheimbissingen
Stadtwerke Bitburg,Facebook,stadtwerkebitburg
Stadtwerke Bitterfeld-Wolfen GmbH,Facebook,stadtwerkebitterfeldwolfen
Stadtwerke Blankenburg GmbH,Facebook,stadtwerkeblankenburg
Stadtwerke Bochum GmbH,Facebook,stadtwerkebochum
Stadtwerke Bochum GmbH,Facebook,stadtwerkebochum
Stadtwerke Bochum Netz GmbH,Facebook,stadtwerkebochum
Stadtwerke Bogen GmbH,Instagram,stadtwerkebogengmbh
Stadtwerke Brühl GmbH,Facebook,stadtwerkebruehl
Stadtwerke Buchen GmbH & Co KG,Facebook,swb4u
Stadtwerke Burg GmbH,Facebook,stadtwerkeburg
Stadtwerke Buxtehude GmbH,Instagram,stadtwerke_buxtehude
Stadtwerke Böblingen GmbH & Co. KG,Facebook,stadtwerke.boeblingen
Stadtwerke Böhmetal GmbH,Facebook,swbt.de
Stadtwerke Büdingen,Facebook,stadtwerkebuedingen
Stadtwerke Celle GmbH,Facebook,stadtwerkecellegmbh
Stadtwerke Clausthal-Zellerfeld GmbH,Facebook,stadtwerkeclausthalzellerfeldgmbh
Stadtwerke Dachau,Facebook,stadtwerke.dachau
Stadtwerke Deggendorf GmbH,Facebook,stadtwerkedeggendorfgmbh
Stadtwerke Delitzsch GmbH,Facebook,stadtwerkedelitzsch
Stadtwerke der Stadt Meckenheim,Facebook,meckenheim.de
Stadtwerke Dettelbach,Facebook,historische.weinstadt.dettelbach
Stadtwerke Dillenburg,Facebook,stadtdillenburg
Stadtwerke Dillingen/Saar GmbH,Instagram,stadtwerke_dillingen_saar
Stadtwerke Dingolfing GmbH,Instagram,stadtwerkedingolfing
Stadtwerke Dinslaken Auslandsbeteiligungs- gesellschaft mbH,Facebook,stadtwerkedinslaken
Stadtwerke Dinslaken GmbH,Facebook,stadtwerkedinslaken
Stadtwerke Ditzingen GmbH & Co. KG,Facebook,stadtwerke.ditzingen
Stadtwerke Donauwörth,Instagram,donauwoerth.de
Stadtwerke Dorfen GmbH,Facebook,stadtwerkedorfengmbh
Stadtwerke Dreieich GmbH,Facebook,stadtwerkedreieich
Stadtwerke Dülmen GmbH,Instagram,stadtwerke_duelmen
Stadtwerke Düren GmbH,Facebook,stadtwerke.dueren
Stadtwerke Düsseldorf AG,Facebook,swdag
Stadtwerke Eberbach GmbH,Instagram,stadtwerke.eberbach
Gasversorgung Ebermannstadt GmbH,Instagram,stadtwerke_ebermannstadt
Stadtwerke Eckernförde GmbH,Instagram,stadtwerkesh
Stadtwerke Eichstätt Versorgungs-GmbH,Instagram,stadtwerke.eichstaett
Stadtwerke Ellwangen GmbH,Instagram,stadtwerke_ellwangen
Stadtwerke Elmshorn,Facebook,stadtwerke.elmshorn
Stadtwerke Emden GmbH,Facebook,stadtwerkeemden
Stadtwerke Emmendingen GmbH,Facebook,stadtwerkeem
Stadtwerke Emmerich GmbH,Instagram,gipsprojekt
Stadtwerke Energie Jena-Pößneck GmbH,Instagram,stadtwerkejenagruppe
Stadtwerke Espelkamp AöR,Facebook,stadtwerkeespelkampaoer
Stadtwerke Espelkamp AöR,Facebook,stadtwerkeespelkampaoer
Stadtwerke Essen AG,Facebook,stadtwerkeessen
Stadtwerke Esslingen am Neckar GmbH & Co. KG (SWE),Instagram,stadtwerkeesslingen
Stadtwerke EVB Huntetal GmbH,Facebook,stadtwerke.huntetal
Stadtwerke EVB Huntetal Netz GmbH,Facebook,stadtwerke.huntetal
Stadtwerke Fellbach GmbH,Facebook,swfellbach
Stadtwerke Flensburg GmbH,Facebook,stadtwerkeflensburg
EFG Erdgas Forchheim GmbH,Facebook,stadtwerkeforchheimgmbh
Stadtwerke Frankenthal GmbH,Facebook,stwfrankenthal
Freiberger Erdgas GmbH,Facebook,swfreiberg
Stadtwerke Freudenstadt GmbH & Co. KG,Facebook,stadtwerkefreudenstadt
Stadtwerke Fröndenberg Wickede GmbH,Facebook,sfw.ruhr
Stadtwerke Fürstenfeldbruck GmbH,Facebook,stadtwerkefuerstenfeldbruck
Stadtwerke Gaggenau,Facebook,stadtwerkegaggenau
Stadtwerke Garbsen GmbH,Facebook,stadtwerkegarbsen
Stadtwerke Geesthacht GmbH,Facebook,stadtwerkegeesthachtgmbh
Stadtwerke Geisenheim,Facebook,geisenheim.de
Stadtwerke Geldern GmbH,Facebook,stadtwerkegeldern
Stadtwerke Geldern NETZ GmbH,Facebook,stadtwerkegeldern
Stadtwerke Gelnhausen GmbH,Facebook,stadtwerkegelnhausengmbh
Stadtwerke Gersthofen,Facebook,stadtgersthofen
Stadtwerke Giengen GmbH,Instagram,stadtwerke_giengen
Stadtwerke Gießen AG,Facebook,stadtwerkegiessenag
Stadtwerke Glückstadt GmbH,Instagram,stadtwerke_glueckstadt
Stadtwerke GmbH Bad Kreuznach,Facebook,wirsorgenfuerbadkreuznach
Stadtwerke Goch GmbH,Facebook,stadtwerkegoch
Stadtwerke Greifswald GmbH,Facebook,stadtwerkegreifswald
Stadtwerke Gronau GmbH,Facebook,stadtwerke.gronau
Stadtwerke Görlitz AG,Facebook,stadtwerkegoerlitz
Stadtwerke Göttingen AG,Facebook,stadtwerke.goettingen
Stadtwerke Güstrow GmbH,Instagram,stadtwerkeguestrow
Stadtwerke Gütersloh GmbH,Facebook,stadtwerke.guetersloh
Stadtwerke Hagenow GmbH,Instagram,stadtwerke_hagenow
Stadtwerke Haiger,Instagram,stadtwerke_haiger
Stadtwerke Halle GmbH,Facebook,swh.stadtwerkehalle
Stadtwerke Hammelburg GmbH,Facebook,stwhab
Stadtwerke Hanau GmbH,Instagram,stadtwerke_hanau
Stadtwerke Haslach Elektrizitäts- und Wasserwerk,Facebook,stadtwerke.haslach
Stadtwerke Hattersheim,Facebook,stadthattersheim
Stadtwerke Hattingen GmbH,Facebook,stadtwerkehattingen
Stadtwerke Hechingen,Instagram,stadtwerke.hechingen
Stadtwerke Heidelberg Energie GmbH,Facebook,stadtwerkeheidelberg
Stadtwerke Heidelberg GmbH,Facebook,stadtwerkeheidelberg
Stadtwerke Heidelberg Energie GmbH,Facebook,stadtwerkeheidelberg
Stadtwerke Heidenheim AG,Facebook,stadtwerke.heidenheim.ag
Stadtwerke Hennef (Sieg) GmbH Betriebsführung Rhein-Sieg-Netz GmbH c/o rhenag,X,rhenagde
Stadtwerke Hennigsdorf GmbH,Facebook,stadtwerke.hennigsdorf
Stadtwerke Herford GmbH,Facebook,stadtwerkeherford
Stadtwerke Herne AG,Facebook,stadtwerkeherne
Stadtwerke Herrenberg,Facebook,stadtwerke.herrenberg
Stadtwerke Hettstedt GmbH,Instagram,stadtwerke_hettstedt
Stadtwerke Hof Energie+Wasser GmbH,Facebook,stadtwerkehof
Stadtwerke Hofheim am Taunus,Facebook,stadthofheim
Stadtwerke Holzminden GmbH,Instagram,stadtwerke_holzminden
Stadtwerke Homburg GmbH,Instagram,stadtwerke_homburg
Stadtwerke Husum GmbH,Facebook,stadtwerkehusum
Stadtwerke Husum Netz GmbH,Facebook,stadtwerkehusum
Stadtwerke Idar-Oberstein,Facebook,stadt.idaroberstein
Stadtwerke Ilmenau GmbH,Facebook,stadtwerke.ilmenau
Stadtwerke Immenstadt,Facebook,immenstadt
Stadtwerke Ingolstadt Energie GmbH,Facebook,stadtwerkein
Stadtwerke Ingolstadt Netze GmbH,Facebook,stadtwerkein
Stadtwerke Iserlohn GmbH,Facebook,swiserlohn
Stadtwerke Jena Netze GmbH,Facebook,stadtwerkejenagruppe
Stadtwerke Jülich GmbH,Facebook,stadtwerkejuelich
Stadtwerke Kamp-Lintfort GmbH,Facebook,stadtwerke.kamp.lintfort
Stadtwerke Karlsruhe GmbH,Facebook,stadtwerkeka
Stadtwerke Karlsruhe Netzservice GmbH,Instagram,netzservice_ka
Stadtwerke Kelheim GmbH & Co KG,Facebook,stadtwerkekelheim
Stadtwerke Kevelaer,Facebook,niersenergie
Stadtwerke Kiel AG,Facebook,stadtwerkekielag
Stadtwerke Kierspe GmbH,Facebook,stadtwerkekierspe
Stadtwerke Kleve GmbH,Facebook,stadtwerkekleve
Stadtwerke Konstanz GmbH,Facebook,stadtwerke.konstanz
Stadtwerke Korntal-Münchingen,Facebook,korntal.muenchingen
Stadtwerke Kronach,Facebook,stadtkronach
Stadtwerke Kulmbach,Instagram,stadtwerkekulmbach
Stadtwerke Lage GmbH,Facebook,stadtwerkelage
Stadtwerke Landsberg KU,Facebook,stadtwerkelandsbergku
Stadtwerke Landshut,Facebook,stadtwerke.landshut
Stadtwerke Langen GmbH,Instagram,stadtwerke.langen
Stadtwerke Lebach GmbH & Co. KG,Facebook,stadtlebach
Stadtwerke Leer AöR,Facebook,swlleer
Stadtwerke Lehrte GmbH,Instagram,stadtwerke.lehrte
Stadtwerke Leinfelden-Echterdingen,Instagram,stadt.leinfelden_echterdingen
LVV Leipziger Versorgungs- und Verkehrsgesellschaft mbH,Facebook,leipzigergruppe
Stadtwerke Lindau (B) GmbH & Co. KG,Facebook,stadtwerke.lindau.de
Stadtwerke Lingen GmbH,Instagram,stadtwerkelingen
Stadtwerke Ludwigsburg-Kornwestheim GmbH,Facebook,stadtwerke.ludwigsburg.kornwestheim
Stadtwerke Ludwigslust-Grabow GmbH,Facebook,stw.ludwigslust.grabow
Stadtwerke Lutherstadt Eisleben GmbH,Instagram,sle.eisleben
Stadtwerke Lutherstadt Wittenberg GmbH,Facebook,stadtwerkelutherstadtwittenberg
Stadtwerke Löbau GmbH,Instagram,oberlausitzermitenergie
Stadtwerke Löhne,Facebook,stadtwerkeloehne
Stadtwerke Lörrach,Facebook,loerrach
Stadtwerke Lübbecke GmbH,Facebook,swluebbecke
Stadtwerke Lübeck Energie GmbH,Facebook,stadtwerkeluebeckgmbh
Stadtwerke Lübz GmbH,Instagram,stadtwerke_luebz
Stadtwerke Marburg GmbH,Instagram,ausbildung.swmr
Stadtwerke Mechernich,Facebook,stadtmechernich
Stadtwerke Meerane GmbH,Facebook,stadtwerkemeerane
Stadtwerke Meerbusch GmbH,Facebook,stadtwerke.meerbusch
Stadtwerke Meiningen GmbH,Facebook,stadtwerkemeiningen
Stadtwerke Melsungen,Facebook,melsungenlohntsich
Stadtwerke Menden GmbH,Facebook,stadtwerke.menden
Stadtwerke Mengen,Instagram,stadtwerke_mengen
Stadtwerke Meppen,Facebook,stadtmeppen
Stadtwerke Merseburg GmbH,Facebook,swmerseburg
Stadtwerke Merzig GmbH,Facebook,swmerzig
Stadtwerke Metzingen,Facebook,stadtwerke.metzingen
Stadtwerke Munster-Bispingen GmbH,Facebook,stadtwerkemunsterbispingen
Stadtwerke Mössingen,Instagram,stadtwerke_moessingen
Stadtwerke Mühldorf a. Inn GmbH & Co. KG,Instagram,stadtwerke_muehldorf
Stadtwerke Mühlhausen GmbH,Facebook,stadtwerkemuehlhausen
Stadtwerke Mühlhausen Netz GmbH,Facebook,stadtwerkemuehlhausen
Stadtwerke Mühlheim am Main GmbH,Facebook,stadtwerkemuehlheimammain
Stadtwerke München GmbH,Facebook,stadtwerkemuenchen
Stadtwerke Münster GmbH,Facebook,stadtwerke.muenster
Stadtwerke Nettetal GmbH,Facebook,swnettetal
Stadtwerke Neu-Isenburg GmbH,Facebook,stadtwerkeneuisenburg
Stadtwerke Neuburg a. d. Donau,Facebook,stadtwerkeneuburg
Stadtwerke Neumarkt i.d.OPf. Energie GmbH,Facebook,stadtwerkeneumarkt
Stadtwerke Neuruppin GmbH,Facebook,stadtwerkeneuruppingmbh
Stadtwerke Neuss Energie und Wasser GmbH,Facebook,stadtwerkeneuss
Stadtwerke Neustadt a. d. Aisch GmbH,Facebook,neustadtwerke
Stadtwerke Neustadt a.d. Donau,Instagram,stadtwerke.neustadtdonau
Stadtwerke Neustadt an der Weinstraße GmbH,Facebook,stadtwerkeneustadtweinstrasse.stadionbad
Stadtwerke Neustrelitz GmbH,Facebook,stadtwerkeneustrelitz
Kreiswasserwerk Neuwied Eigenbetrieb des Landkreises Neuwied,Facebook,swnneuwied
Stadtwerke Nienburg/Weser GmbH,Facebook,stadtwerkenienburg
Stadtwerke Norderstedt,Facebook,swnorderstedt
Stadtwerke Nortorf AöR,Facebook,stadtwerke.nortorf
Stadtwerke Nördlingen,Facebook,noerdlingen
Stadtwerke Oberkirch GmbH,Facebook,stadtwerke.oberkirch
Stadtwerke Oberursel (Taunus) GmbH,Facebook,stadtwerkeoberursel
Stadtwerke Ochtrup,Instagram,stadtwerke_ochtrup
Stadtwerke OELSNITZ/V. GmbH,Facebook,stadtwerkeoelsnitz
Stadtwerke Oranienburg GmbH,Instagram,stadtwerkeoranienburg
Stadtwerke Osnabrück AG,Facebook,stadtwerke.osnabrueck
Stadtwerke Ostmünsterland GmbH & Co. KG,Facebook,stadtwerke.ostmuensterland
Stadtwerke Pasewalk GmbH,Facebook,swpasewalk
Stadtwerke Peine GmbH,Facebook,stadtwerkepeine
Stadtwerke Pfullendorf GmbH,Facebook,meinpfullendorf
Stadtwerke Pfungstadt,Facebook,pfungstadtnews
Stadtwerke Pirmasens Versorgungs GmbH,Instagram,stadtwerke_pirmasens
Stadtwerke Pirna Energie GmbH,Facebook,stadtwerke.pirna
Stadtwerke Potsdam GmbH,Facebook,stadtwerkepotsdam
Stadtwerke Premnitz GmbH,Facebook,stadtwerkepremnitz
Stadtwerke Prenzlau GmbH,Instagram,stadtwerke_prenzlau
Stadtwerke Radolfzell GmbH,Instagram,stadtwerke.radolfzell
Stadtwerke Ramstein-Miesenbach GmbH,Facebook,stadtwerke.ramstein
Stadtwerke Rastatt GmbH,Facebook,stadtwerkerastatt
Stadtwerke Ratingen GmbH,Instagram,stadtwerke_ratingen
Stadtwerke Reichenbach/Vogtland GmbH,Facebook,swrc.de
Stadtwerke Reinfeld (Holstein) - Ver- und Entsorgung -,Facebook,vereinigtestadtwerkeverbund
Stadtwerke Rendsburg GmbH,Instagram,stadtwerkesh
Stadtwerke Reutlingen GmbH,Instagram,stadtwerke_reutlingen
Stadtwerke Ribnitz-Damgarten GmbH,Facebook,plesk
EGR Energiegesellschaft Riesa GmbH,Facebook,volltreffer.riesa
Stadtwerke Rodgau,Facebook,stadtwerke.rodgau
Stadtwerke Rosenheim GmbH & Co. KG,Facebook,swro.de
Stadtwerke Rosenheim Netze GmbH,Facebook,swro.de
Stadtwerke Rostock AG,Instagram,stadtwerke.rostock
Stadtwerke Rostock Netzgesellschaft mbH,Instagram,stadtwerke.rostock
Stadtwerke Rotenburg (Wümme) GmbH,Facebook,stadtwerkerotenburg
Stadtwerke Roth,Instagram,stadtwerke_roth
Stadtwerke Rottenburg am Neckar GmbH,Instagram,stadtwerke_rottenburg
Stadtwerke Rödental,Instagram,stadtwerke_roedental
Stadtwerke Saalfeld GmbH,Facebook,swsaalfeld
Stadtwerke Saarbrücken Netz AG,Facebook,stadtwerkesaarbruecken
Stadtwerke Saarlouis GmbH,Facebook,stadtwerkesaarlouis
Stadtwerke Sangerhausen GmbH,Facebook,sangerhausen.stadtwerke
Stadtwerke Schaumburg-Lippe GmbH,Facebook,stadtwerkeschaumburglippe
Stadtwerke Schneeberg GmbH,Facebook,stadtwerkeschneeberg
Stadtwerke Schneverdingen-Neuenkirchen GmbH,Facebook,heidjerssw
Stadtwerke Schorndorf GmbH,Facebook,stadtwerke.schorndorf
Stadtwerke Schwabach GmbH,Facebook,stadtwerkeschwabach
Stadtwerke Schwalbach am Taunus,Instagram,stadt_schwalbach_am_taunus
Stadtwerke Schwarzenberg GmbH,Instagram,stadtwerke_schwarzenberg
Stadtwerke Schwedt GmbH,Facebook,stadtwerkeschwedt
Stadtwerke Schweinfurt GmbH,Instagram,stadtwerkeschweinfurt
Stadtwerke Schwerin GmbH (SWS),Facebook,stadtwerkeschwerin
Stadtwerke Schwetzingen GmbH & Co. KG,Facebook,stadtwerkeschwetzingen
Stadtwerke Schwäbisch Gmünd GmbH,Facebook,stadtwerkegmuend
Stadtwerke Schönebeck GmbH,Facebook,stadtwerkeschoenebeckgmbh
Stadtwerke Seligenstadt,Facebook,einhardstadt.seligenstadt
Stadtwerke Service Meerbusch Willich GmbH & Co. KG,Facebook,stadtwerke.meerbusch
Stadtwerke SH GmbH & Co. KG,Instagram,stadtwerkesh
Stadtwerke Sindelfingen GmbH,Facebook,stadtwerkesindelfingen
Stadtwerke Solingen GmbH,Facebook,stadtwerkesolingen
Stadtwerke Soltau GmbH & Co. KG,Facebook,swsoltau
Stadtwerke Sonthofen,Facebook,stadt.sonthofen
Stadtwerke St. Georgen,Instagram,stadt_st.georgen
Stadtwerke Stadtroda GmbH,Facebook,swstadtroda
Stadtwerke Stein GmbH & Co. KG,Facebook,stadtwerkestein
Stadtwerke Steinburg GmbH,Instagram,stadtwerke_itzehoe_gmbh
Stadtwerke Stendal GmbH,Instagram,stadtwerkestendal
Stadtwerke Stockach GmbH,Facebook,stadtwerkestockach.de
Stadtwerke Straubing GmbH,Instagram,stadtwerkestraubing
Stadtwerke Straubing GmbH,Instagram,stadtwerkestraubing
Stadtwerke Strausberg GmbH,Instagram,stadtwerke_gruppe_strausberg
Stadtwerke Stuttgart GmbH,Facebook,stadtwerkestuttgart
Stadtwerke Stuttgart GmbH,Facebook,stadtwerkestuttgart
Stadtwerke Suhl/Zella-Mehlis Netz GmbH,Facebook,swsz.stadtwerke
Stadtwerke Sundern,Instagram,stadt_sundern
Stadtwerke Titisee-Neustadt,Instagram,stadt_titisee_neustadt
Energieversorgung Oberes Wiesental GmbH,Facebook,eowtodtnau
Gasversorgung Torgelow GmbH,Facebook,stadtwerketorgelow
Stadtwerke Traunstein GmbH & Co. KG,Facebook,stadtwerketraunstein
Stadtwerke Treuchtlingen KU,Facebook,stadtwerke.treuchtlingen
Stadtwerke Troisdorf GmbH,Facebook,stadtwerketroisdorf
Energieversorgung Trossingen GmbH,Facebook,stadtwerketrossingen
Stadtwerke Tübingen GmbH,Facebook,stadtwerketuebingen
Stadtwerke Ulm/Neu-Ulm Netze GmbH,Facebook,swu.de
Stadtwerke Uslar GmbH,Facebook,stadtwerkeuslar
Stadtwerke Verden GmbH,Instagram,stadtwerkeverden
Stadtwerke Villingen-Schwenningen GmbH,Instagram,stadtwerke.vs
Stadtwerke Vilsbiburg Kommunalunternehmen,Facebook,stadtwerke.vilsbiburg
Stadtwerke Völklingen Holding GmbH,Facebook,stadtwerkevoelklingen
Stadtwerke Völklingen Netz GmbH,Facebook,stadtwerkevoelklingen
Stadtwerke Völklingen Vertrieb GmbH,Facebook,stadtwerkevoelklingen
Stadtwerke Waiblingen GmbH,Facebook,stwwn
Stadtwerke Waldkirch GmbH,Instagram,stadtwerke_waldkirch
Stadtwerke Waldshut-Tiengen GmbH,Facebook,stadtwerke.wt
Stadtwerke Walldorf GmbH & Co. KG,Instagram,stadtwerkewalldorf
Stadtwerke Walldürn GmbH,Instagram,stadtwerke_wallduern
Stadtwerke Wasserburg am Inn,Instagram,stadtwerkewasserburg
Stadtwerke Wedel GmbH,Facebook,stadtwerkewedelgmbh
Stadtwerke Weil am Rhein,Facebook,stadtweilamrhein
Stadtwerke Weilburg GmbH,Facebook,stadtwerkeweilburg
Stadtwerke Weilheim i.OB Energie GmbH,Facebook,stadtwerkeweilheim
Stadtwerke Weilheim i.OB KU,Facebook,stadtwerkeweilheim
Stadtwerke Weimar GmbH,Facebook,swweimar
Stadtwerke Weinheim GmbH,Facebook,stadtwerkeweinheimgmbh
Stadtwerke Weißenburg GmbH,Instagram,stadtwerke.weissenburg
Stadtwerke Weißwasser GmbH,Facebook,stadtwerkeweisswasser
Stadtwerke Werdau GmbH,Facebook,stadtwerke.werdau.gmbh
Stadtwerke Wernigerode GmbH,Facebook,stadtwerkewernigerode
Stadtwerke Wertheim GmbH,Facebook,stadtwerkewertheim
Stadtwerke Wiesbaden Netz GmbH,Facebook,esweversorgung
Stadtwerke Willich GmbH,Facebook,stadtwerke.willich
Stadtwerke Winnenden GmbH,Facebook,stadtwerke.winnenden
Stadtwerke Winsen (Luhe) GmbH,Facebook,stadtwerke.winsen
Stadtwerke Wismar GmbH,Facebook,stadtwerke.wismar
Stadtwerke Wissen GmbH,Instagram,stadtwerkewissen
Stadtwerke Witten GmbH,Facebook,stadtwerkewitten
Stadtwerke Wittenberge GmbH,Facebook,stadtwerkewittenberge
Stadtwerke Witzenhausen GmbH & Co. KG,Facebook,stadtwerkewitzenhausen
Stadtwerke Wolfenbüttel GmbH,Facebook,stadtwerkewolfenbuettel
Solar Wolfhagen GmbH,Facebook,stadtwerkewolfhagengmbh
Stadtwerke Wolfratshausen,Facebook,stadtwerkewolfratshausen
Stadtwerke Wolmirstedt GmbH,Facebook,stadtwerkewolmirstedt
Stadtwerke Wunstorf GmbH & Co. KG,Facebook,stadtwerke.wunstorf
Stadtwerke Würzburg AG,Facebook,wvvwuerzburg
Stadtwerke Zeitz GmbH,Facebook,stadtwerkezeitz
Stadtwerke Zeven GmbH,Instagram,stadtwerke_zeven
Stadtwerke Zirndorf GmbH,Facebook,stadtwerkezirndorf
Stadtwerke Zittau GmbH,Facebook,stadtwerkezittau
Stadtwerke Zwickau Holding GmbH,Instagram,zev_dieenergiederregion
Stadtwerke-Netzdienste Dreieich und Neu-Isenburg GmbH,Facebook,stadtwerkeneuisenburg
StadtWerkegruppe Delmenhorst,Instagram,teamw_delmenhorst
Bocholter Energie- und Wasserversorgung GmbH,Facebook,wattextra
stadtwerker Versorgungs GmbH,Facebook,stadtwerkerhede
Statkraft Markets GmbH,Facebook,statkraft
STAWAG - Stadt- und Städteregionswerke Aachen AG,Facebook,stawag
STAWAG - Stadt- und Städteregionswerke Aachen AG,Facebook,stawag
STAWAG Energie GmbH,Facebook,stawag
STAWAG - Stadt- und Städteregionswerke Aachen AG,Facebook,stawag
STAWAG - Stadt- und Städteregionswerke Aachen AG,Facebook,stawag
Strom- und Gasnetz Wismar GmbH (SGW),Instagram,stadtwerke.wismar
Stromnetz Berlin GmbH,X,stromnetzbln
Gasversorgung Garbsen GmbH,Facebook,stadtwerkegarbsen
Stuttgart Netze GmbH,Facebook,stuttgartnetze
Städtische Betriebe Roding AdöR,Facebook,stadt.roding
Städtische Dienste Eberbach,Instagram,stadtwerke.eberbach
Städtische Werke Aktiengesellschaft,Facebook,baeder.kassel
Städtische Werke Borna GmbH,Facebook,stadtwerkeborna
Städtische Werke Borna Netz GmbH,Facebook,stadtwerkeborna
Städtische Werke Energie + Wärme GmbH,Facebook,swkassel
Städtische Werke Magdeburg GmbH & Co. KG,Facebook,swm.magdeburg
Städtische Werke Netz + Service GmbH,Facebook,netzplusservice
Städtisches Wasserwerk Leutkirch im Allgäu,Facebook,stadt.leutkirch
Sömmerdaer Energieversorgung GmbH,Facebook,soemstrom
T.W.O. Technische Werke Osning GmbH,Facebook,two.halle
"TauberEnergie Kuhn, Karl und Andreas Kuhn OHG",Facebook,tauberenergiekuhn
TaunaGas Oberursel (Taunus) GmbH,Facebook,stadtwerkeoberursel
TEAG Mobil GmbH,X,teag_info
TEAG Thüringer Energie AG,Facebook,thueringerenergie
team energie GmbH & Co. KG,Facebook,teamenergie
Techem Solutions GmbH,Facebook,techemde
Technische Dienste Kehl,Facebook,tramnachkehl
Technische Werke der Gemeinde Rehlingen-Siersburg GmbH,Facebook,gemeinderehlingensiersburg
Technische Werke Ludwigshafen AG,Facebook,technischewerkeludwigshafen
Technische Werke Mandelbachtal Eigenbetrieb der Gemeinde Mandelbachtal,Instagram,gemeindemandelbachtal
Technische Werke Naumburg GmbH,Facebook,technischewerkenaumburg
Technische Werke Schussental GmbH & Co. KG,Facebook,technische.werke.schussental
TEN Thüringer Energienetze GmbH & Co. KG,X,teag_info
TenneT TSO GmbH,X,tennet_germany
Tesla Germany GmbH,X,teslaeurope
Teutoburger Energie Netzwerk eG (TEN),Instagram,ten_eg
The Mobility House Energy GmbH,X,mobility_house
Thyssengas GmbH,X,thyssengas
Thüga Aktiengesellschaft,X,thuega
Thüga Energie GmbH,Facebook,thuegaenergie
Thüga Erneuerbare Energien GmbH & Co. KG,X,thuega
Thüringer Fernwasserversorgung,Instagram,thueringer_fernwasser
Thüringer Netkom GmbH,Facebook,thueringernetkom
Tibber Deutschland Gmbh,Facebook,tibber.de
TotalEnergies Charging Solutions Deutschland GmbH,Instagram,totalenergies_de
TransnetBW GmbH,Instagram,transnetbw
Trinkwasserverband Verden,Facebook,tv.verden
TrueCommerce Germany GmbH,Facebook,truecommerce
TWH-Technische Werke Herbrechtingen GmbH,Facebook,twhgmbh.de
TWL Metering GmbH,Facebook,technischewerkeludwigshafen
TWL Netze GmbH,Facebook,technischewerkeludwigshafen
TWS Netz GmbH,Facebook,technische.werke.schussental
ubitricity Gesellschaft für verteilte Energiesysteme mbH,X,ubitricity
Uniper Energy Sales GmbH,Facebook,uniperenergy
Uniper Energy Storage GmbH,Facebook,uniperenergy
Uniper Financial Services GmbH,Facebook,uniperenergy
Gemeinschaftskraftwerk Irsching GmbH,Facebook,uniperenergy
Uniper Nuclear Services GmbH,Facebook,uniperenergy
Uniper Risk Consulting GmbH,Facebook,uniperenergy
Uniper SE,Facebook,uniperenergy
Uniper Risk Consulting GmbH,Facebook,uniperenergy
Utiligence GmbH,Instagram,utiligence
Vattenfall B2B Solutions GmbH,Facebook,vattenfall
Vattenfall Energy Trading GmbH,X,vattenfall_de
Vattenfall Europe Information Services GmbH,Facebook,vattenfall
Kernkraftwerk Brunsbüttel GmbH & Co. oHG,Facebook,vattenfall
Kernkraftwerk Brunsbüttel GmbH & Co. oHG,Facebook,vattenfall
Vattenfall Europe Resource Management GmbH,Facebook,vattenfall
Kernkraftwerk Brunsbüttel GmbH & Co. oHG,Facebook,vattenfall
Kernkraftwerk Brunsbüttel GmbH & Co. oHG,Facebook,vattenfall
Vattenfall GmbH,Facebook,vattenfallde
Kernkraftwerk Brunsbüttel GmbH & Co. oHG,Facebook,vattenfall
Vattenfall Smarter Living GmbH,Facebook,vattenfallde
Kernkraftwerk Brunsbüttel GmbH & Co. oHG,Facebook,vattenfall
Vattenfall Europe Resource Management GmbH,Facebook,vattenfall
Vattenfall Wasserkraft Puls GmbH,Facebook,vattenfall
Venios GmbH,X,veniosenergy
Veolia Holding Deutschland GmbH,Facebook,veolia.de
Verbandsgemeinde Bernkastel-Kues -Wasserwerk-,Instagram,vgbks
Verbandsgemeindewerke Birkenfeld/Nahe,Facebook,birkenfelder.land
Verbandsgemeindewerke Dierdorf,Instagram,vg.dierdorf
Verbandsgemeindewerke Diez,Facebook,verbandsgemeindediez
Verbandsgemeindewerke Herrstein-Rhaunen,Facebook,vgherrsteinrhaunen
Verbandsgemeindewerke Herxheim,Facebook,vgherxheim
Verbandsgemeindewerke Kirchen (Sieg),Facebook,vgkirchen
Verbandsgemeindewerke Kirner Land,Facebook,vgkirnerland
Verbandsgemeindewerke Lambrecht (Pfalz),Facebook,vg.lambrecht
Verbandsgemeindewerke Landau-Land,Instagram,vg.landauland
Verbandsgemeindewerke Römerberg-Dudenhofen,Instagram,meine.vgrd
Verbandsgemeindewerke Rüdesheim,Instagram,verbandsgemeinde_ruedesheim
Verbandsgemeindewerke Selters,Facebook,vgseltersww
Verbandsgemeindewerke Sprendlingen-Gensingen AöR,Facebook,vg.sprendlingen.gensingen
Verbandsgemeindewerke Winnweiler,Facebook,vgwinnweiler
Verbandsgemeindewerke Wirges,Facebook,vg.wirges
Verbandsgemeindewerke Zweibrücken-Land AöR,Instagram,verbandsgemeinde_zw_land
Verbandswasserwerk Langenfeld-Monheim GmbH & Co. KG,Facebook,stwlangenfeld
VERBUND Energy4Business Germany GmbH,Facebook,verbundag
Vereinigte Stadtwerke Netz GmbH,Facebook,vereinigtestadtwerkeverbund
Vereinigte Wertach-Elektrizitätswerke GmbH,Facebook,vwewenergie
Verkehr und Wasser GmbH,Instagram,vwg.oldenburg
VersorgungsBetriebe Elbe GmbH,Instagram,versorgungsbetriebe_elbe
Versorgungsbetriebe Hann. Münden GmbH,Facebook,versorgungsbetriebe
VISPIRON ENERGY GmbH & Co. KG,Facebook,vispironenergy
VNG AG,X,vngag
VNG Gasspeicher GmbH,X,vngag
VNG Handel & Vertrieb GmbH,X,vnghandel
Volkswagen Group Charging GmbH,Facebook,elliempoweringelectriclife
VOLTARIS GmbH,Facebook,voltaris
Volue Energy GmbH,X,volueenergy
VSB Holding GmbH,Facebook,vsbenergyforyou
VSB Holding GmbH,Facebook,vsbenergyforyou
VSE AG,Facebook,vse.gruppe
VSE NET GmbH,Facebook,vsenet
VSE Verteilnetz GmbH,Facebook,vse.gruppe
Vulcan Energie Ressourcen GmbH,X,vulcanenergie
Wahnbachtalsperrenverband,Facebook,wtv.siegburg
Wasser und Abwasser GmbH Boddenland,Instagram,boddenlandgmbh
Wasser- und Abwasserverband Wesermünde-Nord,Facebook,wasser.wem.nord
Wasser- und Abwasserwerk Eigenbetrieb der Verbandsgemeinde Mendig,Facebook,verbandsgemeindemendig
Wasserbeschaffungsverband Riedgruppe-Ost,Facebook,riedgruppeost
Wasserbeschaffungsverband Wenden,Facebook,gemeindewenden
Wasserver- und -entsorgungsbetrieb der Gemeinde Rellingen,Facebook,gemeinde.rellingen.offiziell
Wasserverband Aabach-Talsperre,Facebook,aabachtalsperre
Wasserverband Eifel-Rur,Facebook,wasserverbandeifelrur
Wasserverband Garbsen-Neustadt a. Rbge.,Facebook,wvgn.de
Wasserverband Lausitz,Instagram,wal_senftenberg
Wasserverband Nord,Instagram,wv.nord
Wasserverband Norderdithmarschen,Instagram,wv.nd
Wasserverband Süderdithmarschen,Instagram,wvsuederdithmarschen
Wasserverband Treene,Facebook,wvtreene
Wasserverband Wendland-Höhbeck,Instagram,wasserverband.wendlandhoehbeck
Wasserverband Wingst,Facebook,wvwingst
Wasserverband Wittlage,Instagram,wasserverband_wittlage
Wasserversorgung Bayerischer Wald KöR,Facebook,waldwasser
Wasserversorgung der Gemeinde Dossenheim,Facebook,69221dossenheim
Wasserversorgung Fürth/Odenwald,Facebook,gemeinde.fuerth
Wasserversorgung Holzwickede,Facebook,gemeinde.holzwickede
Wasserversorgung Rheinhessen-Pfalz GmbH,Facebook,wvrgmbh
Wasserversorgungsverband Land Hadeln,Instagram,wasser_otterndorf
Wasserversorgungsverband Tecklenburger Land,Facebook,wtltecklenburgerland
Wasserwerk der Gemeinde Blankenheim - Gemeindewerke für Wasser und Abwasser,Facebook,blankenheim.ahr
Wasserwerk der Stadt Melle,Facebook,stadt.melle
Wasserwerk der Stadt Rahden,Facebook,stadtrahden
Wasserwerk Leopoldshöhe,Instagram,gemeinde_leopoldshoehe
Wasserwerk Mettlach,Facebook,mettlach.de
Wasserwerk Vechta,Instagram,wasserwerkvechta
Wasserwerk Willich GmbH,Facebook,stadtwerke.willich
Dinslakener Bäder GmbH,Facebook,stadtwerkedinslaken
Wasserwerke Westfalen GmbH,Facebook,wasserwerkewestfalen
Wasserwerke Zwickau GmbH,Facebook,wasserwerkezwickaugmbh
wattline GmbH,Facebook,wattline
WCG Wärme Contracting GmbH,Facebook,wcgwaerme
WEMAG AG,Facebook,wemag
WEMAG Energiedienste GmbH,Facebook,wemio
Wendelsteinbahn GmbH,Facebook,wendelsteinbahn
Wendelsteinbahn Verteilnetz GmbH,Facebook,wendelsteinbahn
"wep Wärme-, Energie- und Prozesstechnik GmbH",Facebook,wep.energieversorger
Werra-Strom GmbH,Facebook,stadtwerkewitzenhausen
WerraEnergie GmbH,Instagram,werraenergie_gmbh
Westenergie AG,Facebook,westenergie
Westenergie Metering GmbH,Facebook,westenergie
Westenergie Netzservice GmbH,Facebook,westenergie
Westfalen Weser Energie GmbH & Co. KG,Facebook,westfalenweserenergie
Westfalen Weser Netz GmbH,Facebook,westfalenweserenergie
Westnetz GmbH,Facebook,westnetzgmbh
WEVG Salzgitter GmbH & Co. KG,Facebook,wevgsz
Wien Energie GmbH,Facebook,wienenergie
Wiener Stadtwerke GmbH,Facebook,wienerstadtwerke
Wilken GmbH,Instagram,wilken.software
Solar Wolfhagen GmbH,Facebook,stadtwerkewolfhagengmbh
GASAG AG,Facebook,gasagde
Windpark Nordsee Ost GmbH,Instagram,rwe.global
Wirtschaftsbetrieb Mainz AöR,Facebook,wbmainz
Wirtschaftsbetriebe der Stadt Norden GmbH,Facebook,stadtwerke.norden
wpd onshore GmbH & Co. KG,Facebook,wpdgmbh
WSW 3/4/5 Energie GmbH,Facebook,wuppertalerstadtwerke
WSW Energie & Wasser AG,Facebook,wuppertalerstadtwerke
WSW mobil GmbH,Facebook,wuppertalerstadtwerke
WSW Netz GmbH,Facebook,wuppertalerstadtwerke
WSW Energie & Wasser AG,Facebook,wuppertalerstadtwerke
Wärmeversorgung Garbsen GmbH,Facebook,stadtwerkegarbsen
Stadtwerke Würzburg AG,Facebook,wvvwuerzburg
Yello Strom GmbH,Facebook,yello.de
ZEAG Energie AG,Facebook,zeagenergie
ZVO Energie GmbH,Facebook,zweckverbandostholstein
Zweckverband Bodensee-Wasserversorgung,Facebook,bodenseewasserversorgung
Zweckverband für Wasserversorgung Friedelsheimer Gruppe,Instagram,friedelsheimergruppe
Zweckverband für Wasserversorgung und Abwasserentsorgung Eberswalde,Instagram,zwa_eberswalde
Zweckverband Haslach-Wasserversorgung,Instagram,haslachwasser
Zweckverband Landeswasserversorgung,Instagram,landeswasserversorgung_bw
Zweckverband Ostholstein,Facebook,zweckverbandostholstein
Zweckverband Wasser und Abwasser Lobensteiner Oberland,Instagram,zvwalo
Zweckverband Wasser und Abwasser Suhl 'Mittlerer Rennsteig',Instagram,zwas_suhl
Zweckverband Wasserversorgung Drei Harden,Instagram,dreiharden
Zweckverband Wasserversorgung Nordostwürttemberg,Instagram,wasserversorgung_now
Zweckverband Wasserversorgung Stadt und Kreis Offenbach,Instagram,zwo_wasser
Zweckverband Wasserversorgung und Abwasserbehandlung Rügen,Facebook,zweckverbandruegen
Zweckverband zur Wasserversorgung der Ampergruppe,Instagram,amperverband
Zweckverband zur Wasserversorgung der Zeil-Ebelsbach-Gruppe,Facebook,stadtzeila.main
Zweckverband zur Wasserversorgung Moosrain,Facebook,wasserzweckverband.moosrain
Zwickauer Energieversorgung GmbH,Instagram,zev_dieenergiederregion
Å Energi Vannkraft AS Berlin Branch,Instagram,aenergi
Überlandwerk Krumbach GmbH,Instagram,ueberlandwerk.krumbach
Überlandwerk Leinetal GmbH,Instagram,ueberlandwerk.leinetal
Überlandwerk Rhön GmbH,Facebook,ueberlandwerkrhoengmbh
Überlandzentrale Wörth/I. - Altheim Netz AG,Instagram,uezw_energie
ÜZ Mainfranken eG,Facebook,uez.mainfranken
