Type,Name,dboes_Name,SM_XID,SM_XURL,SM_FacebookID,SM_FacebookURL,SM_InstagramURL
Person,Cem Özdemir,"Özdemir, Cem",19108766,https://www.x.com/cem_oezdemir,36379612880,https://www.facebook.com/Cem,https://www.instagram.com/cem.oezdemir/
Person,Markus Söder,"Söder, Markus",793778228,https://www.x.com/Markus_Soeder,366343133439370,https://www.facebook.com/markus.soder.75,https://www.instagram.com/markus.soeder/
Person,Kai Wegner,"Wegner, Kai",39999872,https://www.x.com/kaiwegner,401644396606709,https://www.facebook.com/kai.wegner2.0,https://www.instagram.com/kaiwegner.cdu/
Person,Dietmar Woidke,"Woidke, Dr. Dietmar",,,111798335350847,https://www.facebook.com/dwoidke/,https://www.instagram.com/dietmarwoidke/
Person,Andreas Bovenschulte,"Bovenschulte, Andreas",1015986511039356929,https://www.x.com/AndreasBovensc1,100041181588779,https://www.facebook.com/bwiebovenschulte,https://www.instagram.com/andreasbovenschulte/
Person,Peter Tschentscher,"Tschentscher, Peter",2715759820,https://www.x.com/TschenPe,2179181439072830,https://www.facebook.com/TschenPe,https://www.instagram.com/buergermeister.hamburg/
Person,Boris Rhein,"Rhein, Boris",1349974651791880193,https://www.x.com/Boris_Rhein,1471892976391043,https://www.facebook.com/BorisRhein,
Person,Manuela Schwesig,"Schwesig, Manuela",1627905570,https://www.x.com/ManuelaSchwesig,100044462825137,https://www.facebook.com/ManuelaSchwesig,https://www.instagram.com/manuelaschwesig/
Person,Olaf Lies,"Lies, Olaf",20941314,https://www.x.com/OlafLies,407246432729975,https://www.facebook.com/MinisterOlafLies,https://www.instagram.com/olaf.lies/
Person,Hendrik Wüst,"Wüst, Hendrik",724509927952277504,https://www.x.com/HendrikWuest,688086672,https://www.facebook.com/hendrik.wuest,https://www.instagram.com/hendrik.wuest/
Person,Alexander Schweitzer,"Schweitzer, Alexander",17939937,https://www.x.com/alex_schweitzer,399304043507930,https://www.facebook.com/alexander.schweitzer,https://www.instagram.com/alexander.schweitzer/
Person,Anke Rehlinger,"Rehlinger, Anke",474792689,https://www.x.com/AnkeRehlinger,371950716321791,https://www.facebook.com/ankerehlinger,https://www.instagram.com/ankerehlinger/
Person,Michael Kretschmer,"Kretschmer, Michael",393264968,https://www.x.com/MPKretschmer,138422136179542,https://www.facebook.com/MP.Michael.Kretschmer,https://www.instagram.com/michaelkretschmer/
Person,Sven Schulze,"Schulze, Sven",2339095172,https://www.x.com/schulzeeuropa,490906667766035,https://www.facebook.com/SvenSchulzeMWL,https://www.instagram.com/sven.schulze.europa/
Person,Daniel Günther,"Günther, Daniel",3246262145,https://www.x.com/DGuenther_CDUSH,1602909116,https://www.facebook.com/daniel.guenther2,https://www.instagram.com/mp.danielguenther/
Person,Mario Voigt,"Voigt, Dr. Mario",24243468,https://www.x.com/mariovoigt,100058256220844,https://www.facebook.com/DrMarioVoigt,https://www.instagram.com/mario_voigt/
Person,Lars Klingbeil,"Klingbeil, Lars",16255941,https://www.x.com/larsklingbeil,355456486093,https://www.facebook.com/klingbeil.lars,https://www.instagram.com/larsklingbeil/
Person,Alexander Dobrindt,"Dobrindt, Alexander",,,62772136958,https://www.facebook.com/AlexanderDobrindt,
Person,Johann Wadephul,"Wadephul, Dr. Johann David",389682667,https://www.x.com/JoWadephul,1619528691651829,https://www.facebook.com/johann.wadephul,https://www.instagram.com/jowadephul/
Person,Boris Pistorius,"Pistorius, Boris",1390088546,https://www.x.com/borispistorius,1559421730752327,https://www.facebook.com/borispistorius,https://www.instagram.com/boris.pistorius/
Person,Dorothee Bär,"Bär, Dorothee Gisela Renate Maria",140821364,https://www.x.com/DoroBaer,84588674291,https://www.facebook.com/DorotheeBaerMdB,https://www.instagram.com/dorobaer/
Person,Stefanie Hubig,"Hubig, Stefanie",,,,,
Person,Karin Prien,"Prien, Karin",,,1162323861,https://www.facebook.com/karin.prien,https://www.instagram.com/karinpriende/
Person,Bärbel Bas,"Bas, Bärbel",19438957,https://www.x.com/baerbelbas,645760532106194,https://www.facebook.com/baerbel.bas,https://www.instagram.com/baerbelbas/
Person,Patrick Schnieder,"Schnieder, Patrick",368334555,https://www.x.com/PSchnieder,511399752215114,https://www.facebook.com/PatrickSchniederMdB,https://www.instagram.com/pschnieder/
Person,Carsten Schneider,"Schneider, Carsten",96783215,https://www.x.com/schneidercar,107591306090255,https://www.facebook.com/schneidercar,https://www.instagram.com/schneidercar_spd/
Person,Nina Warken,"Warken, Nina Ingrid",65413134,https://www.x.com/ninawarken,1429805687231910,https://www.facebook.com/warkennina,https://www.instagram.com/nina.warken/
Person,Alois Rainer,"Rainer, Alois Georg Josef",1310491780618555396,https://www.x.com/AloisRainer,516782058376475,https://www.facebook.com/Alois Rainer,https://www.instagram.com/alois.rainer.mdb/
Person,Reem Alabali-Radovan,"Alabali-Radovan, Reem",1217456777643659269,https://www.x.com/ReemAlabali,102424668580172,https://www.facebook.com/reem.alabaliradovan,https://www.instagram.com/reem.alabaliradovan/
Person,Verena Hubertz,"Hubertz, Verena Ute",3591923477,https://www.x.com/verenahubertz,105233098230457,https://www.facebook.com/verenahubertz.spd,https://www.instagram.com/verenahubertz/
Person,Thorsten Frei,"Frei, Thorsten",1181598578508214272,https://www.x.com/thorsten_frei,175778159240756,https://www.facebook.com/ThorstenFreiCDU,https://www.instagram.com/thorsten.frei/
Person,Annika Klose,"Klose, Annika Gisela",1460753227,https://www.x.com/AnniKlose,101426038525957,https://www.facebook.com/AnnikaKlose.BerlinMitte,https://www.instagram.com/annikloseberlin/
Ministerium,Bundesministerium der Finanzen,Bundesministerium der Finanzen,459092531,https://x.com/BMF_Bund,100068682038697,https://www.facebook.com/finanzministerium/,https://www.instagram.com/bundesfinanzministerium/
Ministerium,Bundesministerium des Innern und für Heimat,Bundesministerium des Innern und für Heimat,588242800,https://x.com/BMI_Bund,,,https://www.instagram.com/innenministerium/
Ministerium,Auswärtiges Amt,Auswärtiges Amt,273468342,https://x.com/AuswaertigesAmt,237282353035609,https://www.facebook.com/AuswaertigesAmt/,https://www.instagram.com/auswaertigesamt/
Ministerium,Bundesministerium der Verteidigung,Bundesministerium der Verteidigung,1121700961125314560,https://x.com/BMVg_Bundeswehr,122840837780517,https://www.facebook.com/Bundeswehr/,https://www.instagram.com/verteidigungsministerium/
Ministerium,Bundesministerium für Wirtschaft und Klimaschutz,Bundesministerium für Wirtschaft und Klimaschutz,947587280,https://x.com/bmwk,217879838339082,https://www.facebook.com/BMWK/,https://www.instagram.com/bmwk_bund/
Ministerium,Bundesministerium der Justiz,Bundesministerium der Justiz,2313799808,https://x.com/bmj_bund,567366010021216,https://www.facebook.com/bundesjustizministerium/,https://www.instagram.com/bundesjustizministerium/
Ministerium,"Bundesministerium für Familie, Senioren, Frauen und Jugend","Bundesministerium für Familie, Senioren, Frauen und Jugend",467321087,https://x.com/BMFSFJ,511785248971976,https://www.facebook.com/bmfsfj,https://www.instagram.com/bmfsfj/
Ministerium,Bundesministerium für Arbeit und Soziales,Bundesministerium für Arbeit und Soziales,1543415318,https://x.com/BMAS_Bund,108268845888673,https://www.facebook.com/BMAS.Bund/,https://www.instagram.com/bmas_bund/
Ministerium,Bundesministerium für Digitales und Verkehr,Bundesministerium für Digitales und Verkehr,252952532,https://x.com/bmdv,1393167744264820,https://www.facebook.com/bmdv/,https://www.instagram.com/bmdv/
Ministerium,"Bundesministerium für Umwelt, Naturschutz, nukleare Sicherheit und Verbraucherschutz","Bundesministerium für Umwelt, Naturschutz, nukleare Sicherheit und Verbraucherschutz",164620984,https://x.com/BMUV,1433861060177860,https://www.facebook.com/BMUV.bund,https://www.instagram.com/umweltministerium/
Ministerium,Bundesministerium für Gesundheit,Bundesministerium für Gesundheit,2478349112,https://x.com/BMG_Bund,323245001172018,https://www.facebook.com/bmg.bund/,https://www.instagram.com/bundesgesundheitsministerium/
Ministerium,Bundesministerium für Ernährung und Landwirtschaft,Bundesministerium für Ernährung und Landwirtschaft,322697372,https://x.com/bmel,,,https://www.instagram.com/lebensministerium/
Ministerium,Bundesministerium für wirtschaftliche Zusammenarbeit und Entwicklung,Bundesministerium für wirtschaftliche Zusammenarbeit und Entwicklung,343890284,https://x.com/BMZ_Bund,192941487432989,https://www.facebook.com/BMZ.Bund/,https://www.instagram.com/bmz_bund/
Ministerium,"Bundesministerium für Wohnen, Stadtentwicklung und Bauwesen","Bundesministerium für Wohnen, Stadtentwicklung und Bauwesen",1469289892094033927,https://x.com/bmwsb_bund,,,https://www.instagram.com/bundesbauministerium
Ministerium,Bundeskanzleramt,Bundeskanzleramt,3293854329,https://x.com/BK_Amt,,,
