Rank,Account Handle
1,tagesschau
2,funk
3,franziska.brantner
4,alice.weidel
5,quarks.de
6,volksverpetzer
7,faktastisch
8,afdimbundestag
9,zdfheute
10,sportschau
11,zdfinfo
12,taz.die_tageszeitung
13,afd.bund
14,jungefreiheit
15,zoe.gruene
16,christianlindner
17,diepartei
18,bild
19,gruenends
20,stuttgarternachrichten
21,ksta_koeln
22,zeit
23,markus_frohnmaier
24,kicker
25,michaeldonthmdb
26,dielinke
27,sz
28,extra3
29,toni_hofreiter
30,welt
31,sebastian.muenzenmaier.afd
32,andreasbleckmdb
33,wirtschaft.bayern
34,weltspiegel
35,rbb24
36,faz
37,hessenschau
38,lisa.paus
39,stimmeonline
40,katharina.droege
41,philipp.amthor
42,expresskoeln
43,martinsichert
44,freitag
45,stuttgarterzeitung
46,gruenebundestag
47,menschundlicht
48,dzienus
49,zdflogo
50,gruenefraktionby
51,realpostillon
52,swraktuell
53,dielinke.bw
54,cansu.oezdemir
55,spio_sportimosten
56,schwaebische.de
57,ttt_titel_thesen_temperamente
58,deutschlandfunk
59,afdnrw
60,ndr.info
61,gruenebayern
62,br24
63,aminajmina
64,monitor.wdr
65,olafscholz
66,rtlnord
67,bundespraesident.steinmeier
68,larsklingbeil
69,braunschweiger_zeitung
70,noz_de
71,buergermeister.hamburg
72,bzberlin
73,rtlaktuell
74,dorobaer
75,abendzeitung
76,heiseonline
77,haz.de
78,nouripour
79,nicolegohlke.mdb
80,badische_neueste_nachrichten
81,bodo.ramelow
82,ann.katrin.mueller
83,lvz.de
84,hoechstnicole
85,juliakloeckner
86,ostsee_zeitung
87,spdde
88,erlanger.nachrichten
89,csu
90,fdp_bw
91,karl_lauterbach_mdb
92,goettinger_tageblatt
93,juedischeallgemeine
94,spdniedersachsen
95,oezlemalevdemirel
96,anna.cavazzini
97,lausitzer_rundschau
98,dielinke.bayern
99,afd.bayern
100,karo_otte
101,merkurist.mainz
102,augsburger_allgemeine
103,misbah.s.khan
104,nw.de
105,kieler.nachrichten
106,handelsblatt
107,neuepresse
108,punkt6.rtl
109,main_echo.de
110,phoenix_de
111,dielinkeberlin
112,gordon.repinski
113,esslinger_zeitung
114,punkt12
115,michaelakaniber
116,jusos
117,wolfsburger_nachrichten
118,die_rheinpfalz
119,nd.aktuell
120,rnzonline
121,mindener_tageblatt
122,hendrik.wuest
123,nwzonline
124,gruenenrw
125,malte.kaufmann
126,matthiasmiersch
127,rtl_exclusiv
128,cdu_hessen
129,quer_vom_br
130,schwarzwaelderbote
131,robin_wagener
132,hellweger_anzeiger
133,schaumburgernachrichten
134,gruene_fraktion_nrw
135,afdslt
136,dielinkehessen
137,fdp_berlin
138,fraenkische_nachrichten
139,tagblatt
140,cdusachsen
141,fraeulein.oeko
142,nrwjusos
143,abendblatt
144,gruenevictoria
145,gruenehessen
146,roderich_kiesewetter
147,halternerzeitung
148,allgemeinezeitung
149,lime_green_leni
150,celleschezeitung
151,weser.kurier
152,bergstraesseranzeiger
153,generalanzeiger
154,dielinkemv
155,nordkurier
156,landtag_bw
157,spd_fraktion_lsa
158,rheinischepost
159,jowadephul
160,werra_rundschau
161,gjhessen
162,morgenpost
163,tageblatt_online
164,bmz_bund
165,klaus_holetschek
166,senat_hamburg
167,klima.taz
168,allgaeuerzeitung
169,linksfraktionmv
170,nirthak
171,mittelhessen.de
172,gruene_jugend
173,mainpost.de
174,hannes4future
175,moz.de
176,emiliafester
177,gruene_hamburg
178,hersbruckerzeitung
179,saarbrueckerzeitung
180,lamyakaddor
181,ard.brisant
182,hildesheimerallgemeine
183,berivan.aymaz
184,jungewelt_insta
185,afd.fraktion.nrw
186,gruenemv
187,mein.idea
188,onetz.de
189,rheinzeitung
190,jusossh
191,cduinniedersachsen
192,weissenburger.tagblatt
193,saskialudwigcdu
194,ln_online
195,atesgurpinar
196,mwg.rlp
197,katja_strauss_koester
198,nordbayern
199,christophamend
200,fdpnrw
201,fraktiongruenbw
202,wirtschaftswoche
203,zaklinnastic
204,shz.de
205,jusosbw
206,volksstimme.de
207,johannes_winkel
208,gn_online
209,anjareinalter
210,martin.reichardt.afd
211,fuldaer_zeitung
212,stephanbrandner
213,glockeonline
214,osthessennews
215,wiesbadenerkurier
216,franziskagiffey
217,fiedelseb
218,reutlingergeneralanzeiger
219,wnonline
220,dietagespost
221,bndkarriere
222,nordbayerischer.kurier
223,lea.reisner
224,violetta_bock
225,op_online
226,olivervogt.de
227,gruene_th
228,wolfsburger_allgemeine
229,oliverschenk_eu
230,jungeunionnrw
231,gruenefraktionsh
232,gereonbollmann
233,opmarburg
234,jungeunionbw
235,ronjavws
236,krautreporter.de
237,spdberlin
238,koelbl.daniel
239,hallertagblatt
240,bmas_bund
241,lukaskrieger_mdb
242,verena_schaeffer
243,michaelhose
244,bayernpartei
245,cducsubt
246,frankenpost.de
247,sascha_h._wagner
248,kai_whittaker
249,hamburgermorgenpost
250,lena_gumnior
251,the_ollie_of
252,kirstenkappertgonther
253,mzwebde
254,wochenblatt1791
255,uwefeilermdb
256,andreaspauloldenburg
257,chantalkopf
258,linksfraktion_lsa
259,diebasispartei
260,stephan.pilsinger
261,tobias.koch.cdu
262,lz.de
263,ralf.schuler
264,merkur.de
265,sterntv
266,jost.t
267,infranken
268,jusoshessen
269,stefanie_seemann
270,hannesgnauck
271,soerenpellmann
272,suedkurier
273,gruenefraktionb
274,ayseasar__
275,teckbote_online
276,ankerehlinger
277,hessischerlandtag
278,remszeitung
279,claudia_moll_
280,dielinke.sachsenanhalt
281,berliner_zeitung
282,mv_digital
283,gruenejugendbw
284,pete_aum
285,gregorkaiser_
286,fdp_rlp
287,cdufraktion
288,rick.ulbricht
289,boehmezeitung
290,josephineortleb
291,reinhard.brandl
292,astrid.wallmann
293,dielinkebrandenburg
294,haller_kreisblatt
295,linke_thl
296,stumpp_christina
297,tarekalwazir
298,junge_union_sh
299,cdufraktionsh
300,gruene_rlp
301,csu_lt
302,gruenejugendsh
303,elaine.jentsch
304,neumarkternachrichten
305,spdfraktionrlp
306,bessin_birgit_afd
307,cduberlin
308,saarspd
309,goeringeckardt
310,gunther_krichbaum
311,hartmut.moorkamp
312,fdp_hessen
313,frank.schwabe
314,inabrandesnrw
315,mareikelottewulf
316,idowa_redaktion
317,daniela.rump
318,hans_theiss
319,traunsteiner_tagblatt
320,christiandirschauer
321,anne_janssen_26
322,gruenefraktionlsa
323,christin.marie.stamm
324,rischwasu
325,konradkoerner
326,thomaserndl
327,huelyadueber.mdb
328,jenslehmann.leipzig
329,tanja.gruen.bunt
330,romansimonmda
331,crueffer_mdb
332,duelmenerzeitung
333,petra_federau
334,danielkarrais
335,wiebkeesdar
336,ulrike_bartholomaeus
337,oedp.de
338,helmut_schnotz
339,kimsarah.speer
340,joachimebmeyer
341,striegse
342,jakob.blankenburg
343,gj_hamburg
344,frankfurterrundschau
345,pnp.de
346,cdunrw
347,catarinadossantos_mdb
348,davidgregosz
349,wolfgang_dahler
350,nuertingerzeitung
351,gesundheit.pflege.bayern
352,lutz.brinkmann.mdb
353,cdu.fraktion.berlin
354,walsroder_zeitung
355,johannes.schraps
356,tobiasteich_by
357,bigpartei
358,spdhessen
359,bva.bund
360,barbarafuchs_mdl
361,alexander.hoffmannmdb
362,borkenerzeitung
363,benjaminhoff
364,mittelbadischepresse
365,insuedthueringen
366,georg.eisenreich
367,gruenebremen
368,boris.mijatovic
369,elisabeth.winkelmeierbecker
370,larsschieske
371,drbirghan
372,jenny_gross.westerwald
373,fnp.de
374,spd_sachsenanhalt
375,backnanger_kreiszeitung
376,fwhfreising
377,landtagrheinlandpfalz
378,marion_walsmann
379,nachrichtenleicht
380,inge.graessle
381,neuepresse_coburg
382,annakoebberling
383,cpsassenrath
384,baldy.daniel
385,andreas.mayer.afd
386,fairtradede
387,ottilie.klein
388,marjavoellers
389,wlz_online
390,stefan_zierke
391,cdu_slt
392,deutscherwetterdienst
393,spdsaxlt
394,jensbehrenslp
395,taff
396,thueringerlandtag
397,harald_ebner_mdb
398,carstentraeger
399,matthias_steinfurth
400,ikzonline
401,poschmannsabine
402,ralph_edelhaeusser
403,kerstinvieregge
404,olaf.lehne
405,stephanmayercsu
406,henri.schmidt.cdu
407,cdu_mv
408,joerggeerlings
409,karina_waechter
410,fraenkische_landeszeitung
411,goodnews4.de
412,georgkippels
413,guenter_baumgartner
414,parsa.marvi
415,claudia.schlottmann.mdl
416,filiz.polat.mdb
417,jusos_th
418,martin.schoeffel
419,stefan_moeller_afd
420,mittelbayerische
421,gerrithuy.afd
422,herzebrockclarholz
423,awettesfaiesus
424,dr.alaa.alhamwi
425,vonmarenholtz
426,bettina_lugk
427,bernd_schattner_afd
428,mechthilde.wittmann
429,david_preisendanz
430,taylan_kurt
431,prottwilm
432,joern.koenig
433,thomas.hentschel_mdl
434,bjoernsimon.mdb
435,stephan.protschka.mdb
436,lebenbauenbewegen
437,thomasbareiss
438,manfred.schiller.afd
439,alske.freter
440,mark.helfrich.cdu
441,ninaeisenhardt
442,presse_augsburg
443,bjoernfranken
444,mensch_tina
445,vivian_tauschwitz
446,derwesten
447,heidenheimer_zeitung
448,angelikaglockner
449,wechsler_andrea
450,hansjuergen_gossner
451,bernhard_pohl_mdl
452,katrinuhlig.bn
453,dennisgladiator
454,kultusministerium_saarland
455,afdfraktionagh
456,michael.kiessling.mdb
457,angelika.niebler
458,steffenkotre
459,anja.arndt.afd
460,sven.koch_suew
461,shz_das_medienhaus
462,sommer.sebastian
463,martingerster.spd
464,cl.wein
465,yannickbury
466,pierre_lamely_afd
467,klauswienercdu
468,martin_dulig
469,th.holz
470,cornellbabendererde
471,gj_bayern
472,katja.mast.politik
473,maerkische_allgemeine
474,tobiaswinklermdb
475,mandy__pfeifer__
476,svenja.schulze.nrw
477,donaukurier
478,sms_sachsen
479,nils.schmid.spd
480,_rolandtheis
481,innenministeriummv
482,jouleengruhn
483,mela.bernstein
484,tina_winklmann
485,tanjamachalet
486,tobiaspeterkamdb
487,afdlandtagbayern
488,naumburgertageblatt
489,schluesselburg
490,wilfried.oellers
491,geisel.thomas
492,pascal.meiser.36
493,sabinedittmarmdb
494,simone.borchardt
495,stefanberger_mdep
496,thomas.huber.landtag
497,kerstin_schreyer_mdl
498,reinhold_hilbers
499,newsde
500,seb.cuny
501,thueringen.de
502,axelknoerig
503,bratmannchristoph
504,klein.karsten
505,ritter_kay
506,uweschmidt.mdb
507,christianhirtemdb
508,fguentzler
509,klimalistebw
510,lenanzume
511,uweschuenemann
512,kaufmannafd
513,aerztezeitung
514,karin.logemann
515,tinosorge
516,markus.hoener
517,lars.rohwer.politik
518,dr.ingo.hahn
519,lahrerzeitung
520,simonzeimke
521,larscastellucci
522,bjoern_luettmann
523,christinaw_spd
524,markus.reichel.cdu
525,seb_roloff
526,ferber.markus
527,osterholzer_kreisblatt
528,kthrn_mchl_spd
529,andreas.larem
530,enricokomningmdb
531,cellerpresse
532,heikohain
533,marionschardtsauer
534,sebastiangemkow
535,svendorf
536,osthessenzeitung
537,christoph.schmid.alerheim
538,moskopp.mdl
539,schwetzingerzeitung
540,peter_felser
541,friedl_hans
542,ulrike.hinrichs
543,einbeckermorgenpost
544,new_facts_eu
545,chamer_zeitung
546,kreiszeitung_wesermarsch
547,annavontreuenfels
548,euschwerbehinderung
549,ileanagrabitz
550,jusosbayern
551,kerstin_radomski
552,marionrosin
553,sandra.redmann.37
554,stueweru
555,wirtschaftnrw
556,mearbeitgeber
557,engagementglobal
558,welthungerhilfe
559,landschafftwerte
560,chemieverband_vci
561,macra.maniacs
562,gematikgmbh
563,tdh_de
564,onlinekas
565,cosmonautskings
566,amnestydeutschland
567,sanae_ccaa
568,valentin_christian_abel
569,katj_ad
570,stephanie_aeffner
571,adis.a93
572,alialdailami.mdb
573,al_halak_m
574,reem.alabaliradovan
575,renataalt_mdb
576,norbert.altenkamp
577,amtsbergluise
578,dagmar.andres
579,nielsannen
580,johannes_arlt
581,aschenbergdugnus
582,andreasaudretsch
583,arturauernhammer
584,maikaussendorf
585,tbbacherle
586,badumlisa
587,heikebaehrens
588,karl.baer
589,fbanaszak
590,nezahatbaradari
591,soeren.bartol
592,bundesbartz
593,baerbelbas
594,nicole_ae_bauer
595,lieblingxhain
596,katharina.beck
597,dr_holger_becker
598,jensbeeck
599,benner_lukas
600,juergen.berghahn
601,andre.berghegger
602,bengtbergt
603,marc_bernhard
604,peterbeyerbundestag
605,steffen.bilger
606,ingobodtke
607,friedhelmboginski
608,jens.brandenburg
609,der_bdi
610,cem.oezdemir
611,ophelianick
612,althusmann
613,sebastian.lechner.mdl
614,dpolgrainerwendt
615,amnestyjugend
616,igmetalljugend
617,lennart.joseph
618,bundesgesundheitsministerium
619,nachhaltig.kritisch
620,lisasophielaurent
621,_wastelandrebel_
622,domitila_barros
623,marienasemann
624,heylilahey
625,milenskaya
626,annelinawaller
627,annarrative_
628,fraumierau
629,fashionchangers
630,angeliquelini
631,larytales
632,franzischaedel
633,muttiversum
634,erdretter
635,gepafairtrade
636,hope_faith_love_86
637,pfleger.ricardo
638,elhotzo
639,raulkrauthausen
640,giannijovanovic78
641,tupoka.o
642,alice_haruko
643,femnet_ev
644,thebestsocialmediade
645,hazelsgonnahaze
646,promiflash
647,jurafakten
648,anne_dittmann
649,shirindavid
650,heidiklum
651,prinzmarcus
652,lenameyerlandrut
653,bjoern_hoecke_afd
654,ju_heidelberg
655,deutsche.weltanschauung
656,kaiser.afd
657,beatrix.von.storch
658,kavalier_nds
659,toni.kr8s
660,fcbayern
661,ivanrakitic
662,lena
663,biancaheinicke
664,sophiebreuer99
665,sarah.victoria.schalow
666,lindazervakis
667,ayajaff
668,rezo
669,julienbam
670,juliabeautx
671,sarah.harrison.official
672,dominic.harrison.official
673,mrsbella
674,dariadaria
675,dm_deutschland
676,abaerbock
677,bundeskanzlerscholz
678,luisaneubauer
679,auswaertigesamt
680,minister.habeck
681,sebastiankurz
682,die_gruenen
683,linksjugend_solid
684,junge_union
685,bvb09
686,bastianschweinsteiger
687,mterstegen1
688,marcinho11
689,mariogotze
690,manuelneuer
691,datteltaeter
692,maithink
693,fairtradeoriginalde
694,mysustainableme
695,malwanne
696,wwf_deutschland
697,rebeccachelbea
698,zdfwiso
699,gebana.official
700,aljosha_
701,fabiangrischkat
702,katapultmagazin
703,utopia.de
704,alwaysxcaro
705,prof.aufgeklaert
706,basicthinkingde
707,salzlandmagazin
708,blogrebellen
709,braunhelge
710,juergen.braun.mdb
711,lenibreymaier
712,bslivemagazin
713,buzzfeednews
714,aichacher_nachrichten
715,swp.de
716,aller_zeitung
717,ralph_brinkhaus
718,carsten.brodesser
719,allgaeueranzeigeblatt
720,agnieszka_mdb
721,fbsirske
722,katrin_budde
723,clara.buenger
724,marcobuschmann
725,karlheinz.busen
726,isacademartori
727,christmannanna
728,gittaconnemann
729,juergencosse
730,joanacotar
731,mario_czaja
732,bernharddaldrup
733,astrid_damerow
734,sevim_dagdelen_
735,ekin_deligoez
736,hakandemirnk
737,sandra_detzer
738,drkarambadiaby
739,martindiedenhofen
740,jandieren
741,bijan_djirsarai_
742,doering.felix
743,adomscheitberg
744,falko.drossmann
745,hansjoerg_durz
746,sonjaeichwede
747,herr_emmerich
748,alexander_engelhard_csu
749,heike.engelhardt
750,englhardtkopf
751,dr_espendiller
752,marcusfaberfdp
753,hermannfaerber
754,ariane_faescher
755,susanneferschl
756,alexander.foehr
757,dfoest
758,thorsten.frei
759,otto_fricke
760,hanspeter.friedrich
761,michael_frieser
762,goetzfroemming
763,max_fksr
764,schahinag
765,tessa_ganserer
766,martingassnerherz
767,gastelmatthias
768,manuelosna
769,stefangelbhaar
770,knut.gerschau
771,janni_gesenhues
772,albrecht.glaser
773,aniko_teamwunderkerze
774,christiangoerke62
775,kay.gottschalk.mdb.111
776,fabian.gramling
777,gremmels
778,markus.gruebel
779,nilsgruender
780,erhard.grundl
781,mdb.oliver.grundmann
782,sgueler
783,olavgutting
784,hacker_thomas
785,haglkehl
786,hahnflo
787,metin.hakverdi
788,juergenhardt_mdb
789,philipphartewig
790,ulrike_harzer
791,matthias.hauer.mdb
792,stefanheck82
793,advocatopeter
794,hubertus_heil
795,frauke_heiligenstadt
796,thomas_heilmann
797,gabriela_heinrich
798,linda.altona
799,matthiashelferichafd
800,katrinhellingplahr
801,kathrin.henneberger
802,ankehennig_bramsche
803,susanne_hennig_wellsow
804,marc_henrichmann
805,herbsttorsten
806,bernhard_herrmann_
807,nadine.heselhaus
808,martinhess.afd
809,hesselkatja
810,susanne.hierl
811,thomashitschler
812,gerohocker
813,manuelhoeferlin
814,bruno.hoenel
815,christoph.hoffmann.mdb
816,hendrikhoppenstedt
817,franziskahoppermann.cdu
818,jasminahostert
819,reinhardhouben
820,verenahubertz
821,markushuempfer
822,huberthueppe
823,andrejhunko
824,olafinderbeekmdb
825,dieterjanecek
826,thomas_jarzombek
827,gydejensen
828,andreasjung.kn
829,frank.junge
830,josip.mdb
831,avjurisch
832,elisabeth_kaiser_th
833,macit.spd
834,anja.karliczek
835,car.los.kasper
836,annakassautzki
837,gabrielekatzmarek.spd
838,mi.kellner
839,ronjakemmer
840,franziskakersten
841,katjakeul
842,svenchristiankindler
843,helmut_kleebank
844,annikloseberlin
845,daniela_kluckert
846,tim.kluessendorf
847,annekoenig_
848,carsten.koerber
849,baerbelkofler
850,ca.konrad
851,philip.kraemer
852,laura.kraft.gruene
853,anettekramme
854,dunjakreiser
855,guenterkrings
856,martinkroeber
857,michael.kruse.75
858,tilmankuban_
859,christian.kuehn.tuebingen
860,renatekuenast
861,sarahlahrkamp
862,ricardalang
863,ulrich.lange.mdb
864,lehmannspd
865,paul.lehrieder
866,katja.leikert
867,kevinleiserhohenlohe
868,lemke.steffi
869,juergenlenders
870,ralph.lenkert
871,andreas.lenz.bundestag
872,leyechristian
873,luizalicinabode
874,thlieb
875,anjas_ideen
876,esralimbacher
877,helgelimburg
878,lflindemann
879,helgelindh
880,tobias.lindner.mdb
881,carsten_linnemann
882,denise.loop
883,max_lks
884,jm_luczak
885,annaluehrmann
886,kristine_lutke
887,olliluksic
888,_klausmack_
889,isabelmackensen
890,yvonne_magwas
891,erikvonmalottki
892,holgermannle
893,doromartin_hamburg
894,franziskamascheck
895,volkermayerlay
896,andreasmehltretter
897,takis_ma2021
898,mendedirkulrich
899,susannemenge_nds
900,mesarosch
901,meyer_fdp
902,matthiasmieves
903,irene.mihalic
904,siemtje_moeller
905,0711max
906,dietrichmonstadt
907,maximilianmordhorst
908,alexmuellerfdp
909,betmueller
910,gruenclaudia
911,muellerchemnitz
912,michaelmueller.berlin
913,sepp.mueller_mdb
914,gruenebeate
915,muellerrosentritt
916,michellemuentefering
917,stefan.nacke
918,saranannni
919,rasha_nasr
920,edgar_naujok
921,nestle.ingrid
922,briannickholz
923,konstantinnotz
924,joergnuernberger
925,moritz.oppelt
926,florian_ossner
927,josef_oster
928,henningotte_mdb
929,j_pahlke
930,dr.christos.pantazis
931,mathiaspapendieck
932,petra.pau.direkt
933,natalie.pawlik
934,paula.piechotta
935,christophplossmdb
936,martin.plum.cdu
937,achim_p
938,thomas_rachel_mdb
939,alois.rainer.mdb
940,henningrehbaum
941,reutherbernd
942,riexingerbernd
943,rimkusandreas
944,danielrinkert
945,rixsoenke
946,tabearoessner
947,norbert_roettgen
948,thomas_roewekamp
949,jessi_rosenthal
950,claudiaroth_official
951,michael.roth.mdb
952,tina.rudolph.spd
953,sarah.ryglewski
954,j.saathoff
955,axel.schaefer.mdb
956,ingo.schaefer.nrw
957,jamila_anna
958,f_schaeffler
959,johannesschaetzl
960,rebecca.schamber.spd
961,ulle_schauws
962,ninascheer_spd
963,christiane_schenderlein
964,andreas.scheuer
965,marianneschieder
966,peggy.ist.da
967,timo.schisanowski
968,stefan_schmidt_mdb
969,schneidercar_spd
970,danielschneidercuxhaven
971,pschnieder
972,schoenunterwegs
973,chris_schreider
974,felixschreiner
975,michaelschrodi
976,cijay_schroeder
977,riaschrdr
978,anja_schulz_liberal
979,uwe_schulz_mdb
980,stefan_schwartze
981,andreas.schwarz.mdb
982,armin_schwarz_cdu
983,matthiasseesternpauly
984,stefan.seidler.ssw
985,stseiter
986,lina_seitzl
987,melis_sekmen
988,rainersemet
989,nykeslawik
990,jensspahn
991,aspallek
992,merle_spellerberg
993,svenja.stadler
994,katrinstaffler.mdb
995,nina.stahr
996,martina.stammfibich.mdb
997,bettina.starkwatzinger
998,wolfgangstefinger
999,albert.stegemann
1000,stegner_smiles
1001,stein.mathias
1002,nadja_sthamer
1003,konradstockmeier
1004,stoecker.diana
1005,strackzimmermann
1006,stephan_stracke_mdb
1007,bstrasser
1008,wolfgangstrengmannkuhn
1009,kassem.tahersaleh
1010,jessica_tatti
1011,lindateuteberg
1012,jensteutrine
1013,michael_theurer
1014,michaelthews
1015,hans_juergen.thies
1016,stephanthomae
1017,alexthrom
1018,nicotippelt
1019,mtodtenh
1020,markustoens
1021,floriantoncar
1022,troffschaffarzyk
1023,amtrasnea
1024,deryatuerknachbaur
1025,ullmannmdb
1026,frank.ullrich.biathlon
1027,gerald.ullrich
1028,volkerullrich
1029,dirk.voepel
1030,johannesvogel
1031,emilyvontz
1032,christoph.devries.mdb
1033,niklaswagener
1034,sahra_wagenknecht
1035,carolinwagner.in
1036,maja_wallstein
1037,hanneswalter.spd
1038,nina.warken
1039,carmenwegge
1040,melanie.wegling
1041,joe_weingarten
1042,anjaweisgerber
1043,thereallenzii
1044,nicole.westig
1045,bestphal
1046,widmannmauz
1047,dirkwiesespd
1048,dr.christian_wirth_mdb
1049,volkerwissing
1050,janine_wissler
1051,guelistan.yueksel
1052,kayuweziegler73
1053,paulziemiak
1054,jenszspd
1055,n_zippelius
1056,armand_zorn
1057,katrin.zschau
1058,comeon_de
1059,harlinger1862
1060,badische_zeitung
1061,staatszeitung
1062,bayerwaldecho
1063,beobachtermagazin
1064,berchtesgadener_anzeiger
1065,bbvnet
1066,borkumerzeitung
1067,boyensmedien
1068,westfalenblatt
1069,echoonline_suedhessen
1070,medienhaus_bauer
1071,dewezet
1072,delmenhorsterkreisblatt
1073,der_bote_nuernbergland
1074,der_insel_bote
1075,dplnews
1076,allin_de
1077,dieharke
1078,dieoberbadische
1079,dingolfingeranzeiger
1080,da.redaktion
1081,dorstener_zeitung
1082,dnn_inside
1083,elbe_jeetzel_zeitung
1084,fraenkischertag.de
1085,freisinger_tagblatt
1086,freitags_anzeiger
1087,friedberger_allgemeine
1088,geislinger_zeitung
1089,giessenerallgemeinezeitung
1090,giesseneranzeiger
1091,schwaepotagespost
1092,goslarsche.de
1093,griesheimeranzeiger
1094,hanauer_anzeiger
1095,hersfelder_zeitung
1096,hnanews
1097,hohenlohertagblatt
1098,hurriyetcomtr
1099,kreis_anzeiger
1100,kreiszeitung.de
1101,landeszeitung
1102,landsberger_tagblatt
1103,landshuterzeitung
1104,lauterbacheranzeiger
1105,leinetal24.de
1106,ludwigsburgerkreiszeitung
1107,mtclp
1108,neckarchronik
1109,neuburger_rundschau
1110,neumarktertagblatt
1111,cnv_medien
1112,ovb_heimatzeitungen
1113,oberhessischezeitung
1114,oga_oranienburg
1115,oz_online.de
1116,on_online.de
1117,pegnitzzeitung
1118,peiner_allgemeine
1119,pznews
1120,pnn_de
1121,rgaremscheid
1122,rheiderland.de
1123,rieser_nachrichten
1124,rundschaugaildorf
1125,ruppineranzeiger
1126,rechonews
1127,saechsische.de
1128,szlz.de
1129,schifferstadtertagblatt
1130,zeitungsverlag_waiblingen
1131,schwabmuenchner_allgemeine
1132,svz.de
1133,siegenerzeitung
1134,soester.anzeiger
1135,solingertageblatt
1136,sindelfingerzeitung
1137,tah_holzminden
1138,torgauerzeitung
1139,trierischervolksfreund
1140,tz_muenchen
1141,unz_unsere_neue_zeitung
1142,usingeranzeiger
1143,vaihingerkreiszeitung
1144,wa.hamm
1145,wilhelmshavenerzeitung
1146,redaktionalzeyworms
1147,zollernalbkurier
1148,dwnews
1149,buten_un_binnen
1150,3nach9_official
1151,abenteuerleben
1152,aktesat1
1153,bachelor.rtl
1154,baresfuerrares
1155,sportstudio
1156,dasgrossebacken
1157,dassommerhausderstars.rtl
1158,supertalent
1159,dsds
1160,dierosenheimcops
1161,eurovision_de
1162,free_european_songcontest
1163,galileo
1164,gefragtgejagtoffiziell
1165,germanysnexttopmodel
1166,heuteshow
1167,hubertohnestaller_official
1168,ichbineinstar.rtl
1169,kroymann_ard
1170,letsdance
1171,mariobarthdecktauf
1172,ndrmarkt
1173,ndr.eo
1174,zapp.medienmagazin
1175,ninja_warrior_germany
1176,charmings.official
1177,vox_prominent
1178,quizduellimersten
1179,kirche_im_ndr
1180,rtltopnews
1181,fruehstuecksfernsehen
1182,schlagdenstar
1183,schwiegertochtergesucht.rtl
1184,singmeinensong.vox
1185,takemeout.rtl
1186,tatort
1187,masked.singer.germany
1188,thevoiceofgermany
1189,tierischtierisch
1190,tvtotal
1191,vsspass
1192,wapo_bodensee
1193,werweissdennsowas_official
1194,zdf_magazin_royale
1195,zolprosieben
1196,buzzfeedgermany
1197,byc.news
1198,bz_duisburg
1199,carta.info
1200,cinemastrikesback
1201,correctiv_org
1202,deep.und.deutlich
1203,dein_hsk
1204,delmenews
1205,der_biograph
1206,deutschewirtschaftsnachrichten
1207,deutschland.aktuell
1208,deutschland3000
1209,die.da.oben
1210,diefrage_offiziell
1211,karrierebibel
1212,donau_ries_aktuell
1213,edlive.de
1214,erkrath.jetzt
1215,extremnews
1216,followme.reports
1217,freenet
1218,freie_welt_net
1219,funky.de
1220,gametwo_official
1221,geolitico
1222,gigblog
1223,gizmodo
1224,hand.drauf
1225,harburgaktuell
1226,hasepost
1227,heftigde
1228,heidelberg_24
1229,hiphopholicde
1230,hunderthektarheimat
1231,hypeculture.de
1232,iam.justmyself
1233,ignant
1234,kanackischewelle
1235,klatsch_tratsch.de
1236,kwerfeldein
1237,leverkusencom
1238,lizzynet.de
1239,lokalkompass
1240,lokalplus.nrw
1241,ludwigshafen_24
1242,maedelsabende
1243,dasbleibtmaennersache
1244,mannheim_24
1245,merkurist.wiesbaden
1246,mindenerrundschau
1247,mitvergnuegen
1248,mobiflip
1249,molo.news
1250,mrnnews
1251,myheimat.de
1252,nachrichten_muc
1253,diemitdendunks
1254,netzfrauen___
1255,newsausbaden
1256,news38
1257,news.stadt
1258,nextpit.de
1259,oberbergaktuell
1260,oozeitung
1261,onlinemarketingde
1262,osna.live
1263,phillaude
1264,presseportal.de
1265,promipool
1266,queer.de
1267,regioaktuell24
1268,region_im_blick
1269,rheinneckarblog.de
1270,rosakochtgruen
1271,rums.muenster
1272,saarnews
1273,saarlandonline
1274,speyernews
1275,strg_f
1276,stuggitv
1277,sylt_tv
1278,taeglichme
1279,tag24.de
1280,testspiel
1281,thebusinessbeastcom
1282,thueringen24
1283,tonline.de
1284,transfermarkt_official
1285,trudoku
1286,urbanshit_official
1287,weserithnews
1288,wwwshow
1289,worringenpur
1290,wummssport
1291,wunderweib_de
1292,y_kollektiv
1293,zdnet_official
1294,dpa_com
1295,sid.sportnews
1296,teleschau
1297,infrontfinance
1298,cdu_bw
1299,cdubremen
1300,cdu_hamburg
1301,cdurlp
1302,cdu_saar
1303,cdu_lsa
1304,cdu.sh
1305,cdu_thueringen
1306,jubayern
1307,jungeunionberlin
1308,ju_brandenburg
1309,jubremen
1310,juhamburg
1311,juhessen
1312,jungeunionmv
1313,junge_union_niedersachsen
1314,jurlp
1315,junge_union_saar
1316,ju_sachsen
1317,ju_lsa
1318,ju_thueringen
1319,spd_bawue
1320,bayernspd
1321,spd_brandenburg
1322,spdlandbremen
1323,spdhamburg
1324,spd_mv
1325,nrwspd
1326,spdrlp
1327,spdsachsen
1328,spdsh
1329,spdthueringen
1330,jusos.berlin
1331,jusosbrandenburg
1332,jusosbremen
1333,jusos_hamburg
1334,jusos.mv
1335,jusos_nds
1336,jusosrlp
1337,jusossaar
1338,jusossachsen
1339,jusos_sachsen_anhalt
1340,fdp
1341,fdpbayern
1342,fdpbrandenburg
1343,fdpbremen
1344,fdp_hamburg
1345,fdp_mv
1346,fdpnds
1347,fdp_saar
1348,fdp_sn
1349,fdp_lsa
1350,fdp_sh
1351,fdpthueringen
1352,julisbayern
1353,julisberlin
1354,julisbrandenburg
1355,julisbremen
1356,julis_hamburg
1357,julishessen
1358,julismv
1359,julis_nds
1360,julisnrw
1361,julisrlp
1362,jungeliberale_saar
1363,juliasachsen
1364,julis.sachsen.anhalt
1365,julis_sh
1366,julis.thueringen
1367,dielinke_bremen
1368,dielinkehh
1369,dielinke.niedersachsen
1370,dielinkenrw
1371,dielinke.rlp
1372,dielinkesaar
1373,dielinke.sachsen
1374,dielinkesh
1375,die_linke_th
1376,linksjugend_solid_bw
1377,linksjugend_bayern
1378,solidberlin
1379,linksjugend_bremen
1380,solid_hamburg
1381,linksjugend_mv
1382,linksjugendniedersachsen
1383,linksjugendsolid.nrw
1384,linksjugend_saar
1385,linksjugendsolidsachsen
1386,linksjugendsolid_lsa
1387,linksjugend_sh
1388,linksjugendsolid_thueringen
1389,gruenebw
1390,gruene_berlin
1391,gruene_saar
1392,gruene_sachsen
1393,gruene_lsa
1394,gruenesh
1395,gjberlin
1396,gj_brandenburg
1397,gjbremen
1398,gruenejugend_mv
1399,gj_nds
1400,gruene_jugend_nrw
1401,gjsaar
1402,gruenejugend_sachsen
1403,gj_sachsenanhalt
1404,gj_thueringen
1405,afd_bw
1406,afd_brandenburg
1407,afdbremenstadt
1408,afd.hamburg
1409,afd.hessen
1410,afd.mv
1411,niedersachsen_afd
1412,afd.rheinlandpfalz
1413,afd.sachsen
1414,afd_lsa
1415,afd_lv_sh
1416,afd_thueringen
1417,junge_alternative_berlin
1418,jungealternative_hh
1419,jungealternative_mv
1420,jungealternative_nds
1421,jungealternativesachsen
1422,spdbt
1423,fdpbt
1424,linksfraktion
1425,cdu_fraktion_bw
1426,spdlandtag_bw
1427,fdplandtagbw
1428,afd.fraktion.bw
1429,bayernspd.landtag
1430,fwlandtag
1431,fw_bayern
1432,fdpltby
1433,linksfraktion_berlin
1434,hauptstadtgestalter
1435,grueneltbb
1436,spdfraktionbrandenburg
1437,linksfraktionbrandenburg
1438,bvb_fw
1439,afdfraktionbb
1440,linksfraktion_bremen
1441,fraktionsstartup
1442,linksfraktionhh
1443,afd.fraktion.hamburg
1444,linksfraktionhessen
1445,fdp_hlt
1446,cdufraktionmv
1447,spdlandtagsfraktionmv
1448,afdfraktion_mv
1449,cdu.fraktion.nds
1450,spd.fraktion.niedersachsen
1451,fraktionsleben
1452,cdu_fraktion_nrw
1453,spd_fraktion_nrw
1454,fdpltf_nrw
1455,cdufraktionrlp
1456,grueneltrlp
1457,fdp_fraktion_rlp
1458,fw.landtag.rlp
1459,afd_fraktion_rlp
1460,cdu_fraktion_saar
1461,spd.fraktion.saarland
1462,linksfraktionsaar
1463,afdfraktionsaar
1464,linksfraktionsachsen
1465,gruenefraktionsachsen
1466,afdfraktion_lsa
1467,fdpfraktion_sh
1468,cdu_fraktion_th
1469,gruenethl
1470,fdplandtagth
1471,piratenpartei
1472,tierschutzpartei
1473,familienpartei
1474,kommunistischepartei
1475,mlpd.de
1476,bergpartei
1477,parteidervernunft
1478,buendnisc
1479,buendnisgrundeinkommen
1480,menschliche.welt
1481,die_sozialliberalen
1482,sgp_ikvi
1483,v_partei
1484,sswpresse
1485,liebe_partei
1486,voltdeutschland
1487,wir2020_offiziell
1488,buendnis21
1489,pdf.bund
1490,buergerbewegung
1491,lobbyisten_fuer_kinder
1492,diesonstigen
1493,bundesrat
1494,bundeskultur
1495,bundesfinanzministerium
1496,innenministerium
1497,bundesjustizministerium
1498,bundeswehr
1499,umweltministerium
1500,deutsche.bundesbank
1501,bamf_bund
1502,bundesarchivd
1503,strahlenschutz_bfs
1504,bundeskriminalamt
1505,bkg.bund
1506,bsi_bund
1507,bzst.karriere
1508,zoll.karriere
1509,statistisches.bundesamt
1510,umweltbundesamt
1511,unibwmuc
1512,bundesanstalt_fuer_wasserbau
1513,pei_germany
1514,rki_fuer_euch
1515,bpb_de
1516,bundesagenturfuerarbeit
1517,drvbunt
1518,bundespolizeikarriere
1519,regierung_bw
1520,finanzenbw
1521,wirtschaftsministerium_bw
1522,msi_bw
1523,mlr_bw
1524,verkehrsministerium_bw
1525,wissenschaftsministerium_bw
1526,bauministerium_bw
1527,bayerischer.landtag
1528,bayern.de
1529,finanzen_heimat_bayern
1530,baystmi
1531,umweltministerium_bayern
1532,land.schafft.bayern
1533,bayerisches_sozialministerium
1534,regberlin
1535,senwienbe
1536,senfin_b
1537,finanzministeriumbrandenburg
1538,buergerschafthh
1539,hh_bwfgb
1540,regierunghessen
1541,wirtschafthessen
1542,finanzenhessen
1543,justiz__hessen
1544,schulehessen
1545,sozialhessen
1546,digitaleshessen
1547,staatskanzlei.mv
1548,finminmv
1549,landwirtschaft_und_umwelt_mv
1550,bildungmv
1551,wkm_mv
1552,sozialministerium
1553,niedersachsen.de
1554,mk_niedersachsen
1555,mlniedersachsen
1556,landtag_nrw
1557,land.nrw
1558,chancen_nrw
1559,finanzverwaltung.nrw
1560,umwelt_nrw
1561,ministerpraesident.rlp
1562,karriere.finanzamt
1563,innen.rlp
1564,bildung_rlp
1565,vielfalt.kultur.rlp
1566,saarland_de
1567,staatskanzlei_des_saarlandes
1568,umweltministerium_saarland
1569,sachsen_landtag
1570,smisachsen
1571,smksachsen
1572,landtag_lsa
1573,sachsenanhalt
1574,mwu.lsa
1575,mwl_sachsenanhalt
1576,wirtschaftsland.sh
1577,moin_karriere
1578,sozialministerium.sh
1579,mlvnrw
1580,bildungth
1581,thueringerinnenministerium
1582,herr_aigner
1583,christian_ankowitsch
1584,nadja.aswad_
1585,inderhauptstadt
1586,socialmedia_agrar
1587,pbernau
1588,wblau
1589,juliusbommes
1590,gerobreloer
1591,papabroe
1592,marc.brost
1593,dondahlmann
1594,cdankbar
1595,matthiasdeiss
1596,kaidiekmann
1597,nicolediekmann
1598,fraualevdogan
1599,danieldrepper
1600,issioehrich
1601,pfa
1602,dfiene
1603,strandreporter
1604,jfleischhauer
1605,florian_gasser
1606,cathrin.gilbert
1607,josegiribas
1608,pitgottschalk
1609,markus.grill
1610,kuebrag
1611,gutjahr
1612,silke.haas
1613,fritzimportexport
1614,chabermalz
1615,happy100.info
1616,alexhofmann66
1617,ohollenstein
1618,pjebsen
1619,tilojung
1620,pkfotografie.com_leipzig
1621,herrkloeckner
1622,carstenknop
1623,tknuewer
1624,olafkolbrueck
1625,kuhnlive
1626,kathikuhni
1627,narraresfoto
1628,marcuslindemann_official
1629,michele_loetzner
1630,bildschoener_hund
1631,tmandalka
1632,smatthes
1633,annamay.r
1634,nilsminkmar
1635,karina_moessbauer
1636,clara.pfeffer
1637,pham_fatale
1638,jacpiwo
1639,ines.pohl
1640,juttaprechtel_photography
1641,hardyprothmann
1642,thomasreichart_official
1643,julianreichelt
1644,torstenriecke
1645,davidrohde_official
1646,kaddaroenicke
1647,jonathansachse
1648,berlinsandmann
1649,nena_brockhaus
1650,schoenen.morgen
1651,marcusschwarze
1652,kristinmarieschwietzer
1653,sara.sievert
1654,nalansipar
1655,sixtus
1656,gunnareriksohn
1657,bsagt
1658,micspehr
1659,chrisstoecker
1660,tstoelz
1661,frank_ueberall
1662,michaelukas
1663,dvg
1664,vonstreit
1665,jochen_voss
1666,olivervoss
1667,moritzwedel
1668,jochenjochen
1669,larsweisbrod
1670,weissmaurice
1671,thomas.weiss.35
1672,schuldensuehner
1673,aydinsevim
1674,tobiasbauschke
1675,danielabillig
1676,tubabozkurt
1677,franziska_brychcy
1678,dennis.buchner.mda
1679,stefaniebung
1680,burkerteulitz
1681,derya_neukoelln
1682,sebczaja
1683,michael_dietmann_mda
1684,florian_doerstelmann
1685,lars.duesterhoeft_mda
1686,eliferalp
1687,stefanevers.cdu
1688,christopher.foerster
1689,vasi_f
1690,paulfresdorf
1691,dannyfreymark
1692,silkegebel
1693,ronaldglaeserberlin
1694,christiangoiny
1695,mirjamgolm
1696,katharina.guenther_wuensch
1697,ariturel.hack
1698,baharhaghanipour
1699,oda_hassepass
1700,alexander.j.herrmann
1701,christian.hochgrebe
1702,hopp_stagram
1703,marenjasperwinter
1704,sandra.khalatbari
1705,henrinette.lichtenberg
1706,der_neukoellner
1707,bettina_reinickendorf
1708,louisvonkrueger
1709,diekuehnefrau
1710,jan_lehmann_mda
1711,liebedirk
1712,gunnar_norbert_lindemann_mda
1713,tamara.luedke
1714,b3nelux
1715,sibyllemeister
1716,melzer.heiko
1717,laaaleeeluuulaura
1718,jianoma
1719,otto_direkt
1720,orkan_oezdemir
1721,rauchfusslars
1722,felix.reifschneider
1723,kristian.ronneburg
1724,raed_saleh_berlin
1725,carsten_schatz
1726,klarasche
1727,niklasschenktein
1728,juli.schnei
1729,tomschreiber_
1730,mathiasschulz
1731,katrinseideldielinke
1732,stephanstandfuss
1733,aferditasuka1
1734,doktor.stefan.t
1735,damiano_valgolio
1736,vallendarmarc
1737,vandreypetra
1738,s_k_walter
1739,kurt.wansner.cdu
1740,kaiwegner.cdu
1741,bjoern.wohlert
1742,karstenwoldeit.mda
1743,stefan.ziller
1744,katja.kipping
1745,bettinajarasch
1746,klausadelt
1747,benniadjei
1748,ilse.aigner
1749,horst.arnold.fuerth
1750,winfriedbausback
1751,jojobecher
1752,barbarabecker_mdl
1753,ericbeisswenger
1754,cemal.bozoglu_
1755,markus.buechler
1756,kerstin.celina
1757,maxdeisenhofer
1758,guelseren_demirel
1759,duinbayern
1760,katrin.ebnersteiner
1761,eibl.manfred
1762,fischbach.matthias
1763,anne.franke.520
1764,karlfreller
1765,patrickfriedlwue
1766,thomas_gehring_
1767,richardgraupner
1768,_martinhagen
1769,volkmarhalbleib
1770,ludwighartmann
1771,christina_haubrich
1772,wolfgangheubisch
1773,christianhierneis
1774,hub_mart
1775,helmutkaltenhauser
1776,claudiakoehlerlandtag
1777,jochenkohler
1778,andikrahl
1779,sannekurz_mdl
1780,evalettenbauer
1781,rainerludwig_mdl
1782,rolandmagerl
1783,mdl_christoph_maier
1784,ferdinand_mang
1785,gerdmannes
1786,helmutmarkwort
1787,dr_fabian_mehring_mdl
1788,benjaminmiskowitsch
1789,ma.mittag
1790,ruthmuellerspd
1791,walternussel.mdl
1792,verena_osgyan
1793,timpargent
1794,franzjosefpschierer
1795,doris_rauscher_landtag
1796,barbararegitz
1797,robertriedl_mdl
1798,markusrinderspacher
1799,julika.sandt
1800,jan.schiffers
1801,stephanieschuhknecht
1802,kathaschulze
1803,anna.schwamberger91
1804,gisela.sengl
1805,bernd.sibler
1806,flosiekmann
1807,christophskutella
1808,ursula_sowa
1809,dominik.spitzer
1810,diana.stachowitz
1811,simone.strohmayr
1812,arif.tasdelen.spd
1813,walter.taubeneder
1814,peter_tomaschko_mdl
1815,gabriele_triebel
1816,hans_urban_by
1817,fvbrunn
1818,martinwagle
1819,ruth.waldmann
1820,gerhard.waschler
1821,dr.sabineweigand
1822,andywinhart
1823,christianzwanziger
1824,hubertaiwanger
1825,markusblume75
1826,judith_gerlach_mdl
1827,thorstenglauber
1828,joachim.herrmann.csu
1829,melanie.huml.bamberg
1830,michael.piazolo
1831,ulrike_scharf
1832,anna.stolz.mdl
1833,roland.weigert
1834,yvonneaverwerser
1835,rainer.bensch
1836,bolayela
1837,philipp.bruck
1838,sina_dertwinkel
1839,bjoernfecker
1840,susannegrobien
1841,mustafa.guengoer
1842,haukehilz
1843,bettinahornhues
1844,chris__hupe
1845,frank_imhoff
1846,mazlum_koc_
1847,sofia_leonidakis
1848,carstenmeyerheder
1849,evaquantebrandt
1850,ute_reimers_bruns
1851,claasrohmeyer
1852,ralphsaxe
1853,thore.schaeck
1854,janinastrelow
1855,heikostrohmann
1856,jantimke
1857,cindi.tuncel
1858,lencke
1859,oguzhan_yazici_
1860,astahmann
1861,andreasbovenschulte
1862,juliabarth_hh
1863,ksenija_bekeris
1864,miblock_green
1865,otb_hamburg
1866,denizcelikhh
1867,rosa_domm
1868,detlef.ehlebracht.afd
1869,mareikeengels
1870,carola_ensslen
1871,daviderkalp
1872,olgafritzsche
1873,hamburger_rene
1874,astridhennies_spd
1875,clari_herbst
1876,danial_ilkhanipour
1877,stephanjersch
1878,annkathrinkammeyerspd
1879,sandrokappe
1880,dirkkienscherf
1881,martinakoeppen
1882,jankoltze
1883,simon.kuchinke
1884,lorenzendominik
1885,claudia_loss_
1886,iftikharde
1887,kirsten_martens_
1888,joergmehldau
1889,vajamo
1890,alexander.mohrenberg
1891,zohramojadeddi
1892,farid.mueller
1893,ivymaymueller
1894,andreanunne
1895,barisoenes
1896,lisamariaotte
1897,paustiandoscher
1898,olga.petersen.afd
1899,platzbecker
1900,anja_quast
1901,marcschemmel
1902,gudrunschittek
1903,britta_schlage
1904,hschmidthh
1905,soeschu
1906,silke.seif.mdhb
1907,ulrikesparr
1908,stoopdavid
1909,annaphilinestu
1910,dennisthering
1911,insatietjen
1912,sarahtimmann
1913,juliane_timmermann
1914,yuzundag
1915,carolaveit
1916,michael_weinreich_spd
1917,goetzwiese
1918,dr.alexander.wolf
1919,guengoer_yilmaz
1920,lenazagst
1921,dressel.andreas
1922,katharina.fegebank
1923,leonhardmelanie
1924,anders_kathrin
1925,lenaarnoldtmdl
1926,sabine.baechlescholz
1927,dirkbamberger
1928,alexander_bauer_mdl
1929,m.bocklet
1930,christiane.boehm
1931,matthias.bueger
1932,taylanburcuffm
1933,ines.claus
1934,miriamdahlkegruen
1935,christophdegen
1936,lisa_deissler
1937,tobias.eckert.sozi
1938,arno_enners
1939,martinafeldmayermdl
1940,foersterheldmann
1941,frommrich
1942,sandra.funken
1943,dirkgawpolitiker
1944,nadinegersbergmdl
1945,heidtsommer
1946,birgitheitland
1947,thomas.hering.mdl
1948,heike_hofmann
1949,andihofmeister
1950,hartmuthonka
1951,knutjohn_spd
1952,bijan_kberg
1953,estherkalveram
1954,kayakinkel
1955,wiebkesinstakram
1956,elisabeth.kula.mdl
1957,torstenleveringhaus
1958,heinz.lotz
1959,hansjuergenmueller.gruene
1960,muellerstefanfdp
1961,stefan.naas
1962,claudia_papstdippel
1963,manfredpentz
1964,janwilhelm.cduhessen
1965,yankiffm
1966,claudiaravensburg
1967,rock_fdp
1968,guenter.rudolph
1969,schadmax
1970,jan_schalauske
1971,lukasschauder
1972,____mirjam_
1973,dimitri.schulz
1974,uweserke
1975,franksteinraths
1976,oliverulloth
1977,tobiasutter
1978,katywalther.mdl
1979,michaelboddenberg
1980,angela__dorn
1981,priska.hinz
1982,ralorz
1983,luciaputtrich
1984,ein_brandenburg_ein_adler
1985,frank_bommert
1986,julianbruening
1987,ricardabudke
1988,johannesfunkeaufgehts
1989,thomasvongizycki
1990,gossmannreetz
1991,dennis.hohloch
1992,lars.huenich
1993,andreas.kalbitz
1994,daniel.keller.potsdam
1995,heinerklemp_mdl
1996,carlakniestedt
1997,brittakornmesser
1998,ronny.kretschmer_official
1999,daniel_muenschke
2000,andreas___noack
2001,dr_daniela_oeynhausen
2002,poschmannkatja
2003,jan.redmann
2004,roickwolfgang
2005,ruetersebastian
2006,michael.schierack
2007,felixh.w.teichner
2008,isabelle.vandre
2009,walter_linke
2010,udowernitz
2011,philipzeschmann
2012,ahrtimo
2013,pascal.arweiler
2014,kira_braun
2015,pascal_conigliaro
2016,saschahaas90
2017,tobiashans
2018,julia_harenz
2019,holznermartina
2020,reka.klein
2021,davidmaasz
2022,stephanie.meiser
2023,ute_muecklich
2024,sandra.quinten_
2025,maximilianraber
2026,schaefer.sls
2027,nadia.schindelhauer
2028,damhat
2029,marcspeicher
2030,peterstrobel_
2031,alwin_theobald
2032,wagnermerzig
2033,anjawagnerscheid
2034,patrick.waldraff
2035,saschaz3
2036,christine_streichert_clivot
2037,pe.berg
2038,albrecht_rainer
2039,julianbarlen
2040,beckerhornickel
2041,falkobeitz
2042,christianbrade.de
2043,philipp_dacunha
2044,patrickdahlemann
2045,dammhannes
2046,thomas_diener_hoppenbarg
2047,henning_foerster
2048,beatrixhegenkoetter
2049,praesidentin_birgit_hesse
2050,katyhoffmeister
2051,nadine_julitz
2052,christine_klingohr
2053,liskow.mv
2054,michael.meister.rostock
2055,danielpeters_mv
2056,michelschiefler
2057,anna_k_schroeder
2058,jensschulzewiehenbrauk
2059,danielseiffert_
2060,anne_im_landzumleben
2061,dirkstamer
2062,martinategtmeier
2063,paultimm_afd
2064,acva_mdl
2065,wolfgangwaldmueller
2066,jutta_wegner_mdl
2067,chwinter_mv
2068,bettinamartinmv
2069,christianpegel
2070,manuelaschwesig
2071,bernhardt.jacqueline
2072,tim_acht
2073,nina_andrieshen
2074,alexanderbaer.lippe
2075,rodion.bakum
2076,christian_berger_mdl
2077,inabesche_krastl
2078,andreas.bialas
2079,ingeblask
2080,christianblex.afd
2081,joergbloeming
2082,marcblondin_kr
2083,peterblumenrath
2084,ina_blumenthal
2085,ilayda_bst
2086,flobraun
2087,wibkebrems
2088,dietmarbrockes
2089,tombruentrup
2090,buscheandrea
2091,anjabutschkau
2092,carloclemens_afd
2093,frederick.cordes
2094,creuzmann
2095,christian.dahmmdl
2096,dorothea_deppermann
2097,guido_deus
2098,gordandudas
2099,tulay_durdu
2100,gonuleglence
2101,juliaeisentraut
2102,dilek_engin_spd
2103,engstfelder
2104,angi.erwin
2105,klausesser_nrw
2106,benedikt.falszewski
2107,annikafohn
2108,angela_freimuth_mdl
2109,heinrichfrieling
2110,ankefuchsdreisbach
2111,hartmut.ganzke
2112,katharina.gebauer
2113,goddertzthomas
2114,goekenmdl
2115,gregorgolland
2116,guido.goertz
2117,silvia_gosewinkel
2118,antjegrothus
2119,jonagrunwald
2120,marcelhafke
2121,daniel.hagemeier
2122,klaushansen.mdl
2123,bastian_hartmann
2124,sebastianhaugnrw
2125,hhoene
2126,bernhard.hb
2127,frank.jablonski.koeln
2128,wolfgang.joerg
2129,juliakahlehausmann
2130,klauskaisercdu
2131,jens_kamieth
2132,christina.kampmann
2133,lisakapteinat
2134,christos.katzidis
2135,anna_kavena
2136,carolinkirsch.muelheim
2137,jochenklenner
2138,arndtklocke
2139,thorsten.klute
2140,robin__korte
2141,wilhelm_korth
2142,okraussnrw
2143,bernd_krueckel
2144,andre.kuper
2145,thomaskutschaty
2146,sascha_lienesch
2147,carsten.loecker
2148,martinluckerbk
2149,nadjalueders
2150,marc_luerbke
2151,dennis_maelzer
2152,janmatzoll
2153,just.moor
2154,frank.mueller.essen
2155,elisabethmuellerwitt_mdl
2156,jensnettekoven
2157,ralf_nolten
2158,christianobrok
2159,vanessaodermatt
2160,brittaoellers
2161,thomas.okos
2162,jochenott_spd
2163,dietmarpanske
2164,patriciapeill
2165,wernerpfeil_nrw
2166,rominaplonsker
2167,charlottequik.mdl
2168,christof.rasche
2169,rauergruene
2170,jochen.ritter
2171,simonjrock
2172,norwichruesse
2173,daniel_scheen_pauls
2174,thorsten_schick
2175,schmeltzer.luenen
2176,hendrik_schmitz_baesweiler
2177,duesselschmitz
2178,schneider_rene
2179,thomas_schnelle
2180,fabianschrumpf
2181,csf_mdl
2182,ralfschwarzkopf
2183,enxhiseli
2184,christin.siebel
2185,danielsieveke
2186,sonne_dennis
2187,joachim.stamp
2188,andre.stinka
2189,ellenstocklippe
2190,martin_straesser_mdl
2191,andrea.stullich
2192,lena_teschlade
2193,meralthoms
2194,heiketroles
2195,untrieser
2196,martin.vincentz
2197,astridvogelheim
2198,alexander_vogt_mdl
2199,klaus_voussem
2200,markus.wagner.afd
2201,sebastianwatermeier
2202,wendland.simone
2203,heikewermer
2204,bianca.winkelmann
2205,eileen_woestmann
2206,svenwolf.nrw
2207,stephanwolterscdu
2208,ibo.yetim
2209,serdar.spd
2210,stefanzimkeit
2211,monaneubaur
2212,josefine.paul.green
2213,herbert.reul
2214,silkegorissen
2215,oliver_krischer
2216,nathanael.liminski
2217,inascharrenbach
2218,anklamtrapp
2219,christianbaldauf.mdl
2220,sabine_baetzing
2221,jutta_blatzheimroegler
2222,bernhard_braun_rlp
2223,ellen_demuth
2224,joergdenninghoff
2225,fabian_ehmann_
2226,michael_frisch_trier
2227,fuhr_alexander
2228,hallersihrnmaddin
2229,a_hartenfels
2230,lea.heidbreder
2231,herberdirk
2232,hendrik.hering
2233,carlbernhardvheusinger
2234,huettner.michael
2235,heinerilling
2236,lisamariejeckelfw
2237,kazunguhass
2238,ninaklinkel
2239,daniel.koebler
2240,markus_kropfreiter
2241,patrickkunzmdl
2242,oliver.kusch
2243,matthias.lammert
2244,damianlohr
2245,michaelludwig_official
2246,helmut_martin_mdl
2247,anettemoesta
2248,patric.mueller.spd
2249,tamaramueller_mdl
2250,irisnielandafd
2251,hansjuergennoss
2252,beneoster
2253,andreas.rahm.mdl
2254,jaquelinerauschkolb
2255,christofreichert_mdl
2256,lothar.rommelfanger
2257,heikescharfenberger
2258,pia_schellhammer
2259,astrid.schmitt.mdl
2260,marionschneid_mdl
2261,gordonschnieder
2262,schreiner.gerd
2263,michael.simon.mdl
2264,christoph.spies
2265,markus.stein.mdl
2266,joachimstreit
2267,lisettstuppy
2268,teubersven
2269,thomas_wansch.mdl
2270,miwae21
2271,marcoweber_eifel
2272,torsten.welling
2273,corneliawilliussenzer
2274,wink84
2275,markuswolfcdu
2276,doris_ahnen
2277,herbert.mertin
2278,schmitt.daniela
2279,alexander.schweitzer
2280,katharina_binz
2281,wolfgangaldag_mdl
2282,christinabuchheim
2283,dorothea.frederking
2284,grubefalko
2285,holger_hoevelmann
2286,thomas_krueger_cdu
2287,hendriklange_hallesaale
2288,connylueddemann
2289,olaf_meister_md
2290,dr.katjapaehle
2291,henriette.quade
2292,daniel.rausch.afd
2293,praesidentlt_st
2294,dr.andreasschmidt
2295,chris.schulenburg.mdl
2296,ulrich_siegmund
2297,holgerstahlknecht_cdu
2298,sven.schulze.europa
2299,gudula8terberg
2300,muhterem.aras
2301,susanne_aschhoff
2302,theresiabauer.hd
2303,andre.baum.ann
2304,hp.behrens
2305,sascha.binder.spd
2306,dennis_birnstock
2307,t.blenke
2308,andrea_bogner_unden
2309,frank_bonath
2310,sandra.boser
2311,martina.braun.mdl
2312,timbueckner
2313,klaus.burger.mdl
2314,ayla.cataltepe
2315,andreas.deuschle.mdl
2316,eriklinese
2317,daniela_evers
2318,nicolas.fink.mdl
2319,mdlrudifischer
2320,arnulf_voneyb
2321,stefanfulstblei
2322,christ.gehring
2323,silke_gericke
2324,goll_julia
2325,martin.grath.hdh
2326,hagel.manuel
2327,martin_hahn_mdl_
2328,shartmannmueller
2329,martina.haeusler
2330,jochenhaussmann
2331,georg_heitlingermdl
2332,felix_herkens_mdl
2333,oliver.hildenbrand
2334,ullihockenberger
2335,jonas.hoffmann.mdl
2336,klaus_hoher_mdl
2337,cindy_holmberg_mdl
2338,isabell_huber_mdl
2339,mjoukov
2340,christianjungmdl
2341,andreaskenner.spd
2342,cathie.kern
2343,timmkern
2344,kliche_behnke
2345,erwinkoehlerofficial
2346,petra.krebs.mdl
2347,sabine.kurtz
2348,ledeabal
2349,uteleidig
2350,daniel.lindenschmid
2351,andrea.lindlohr
2352,siegfried_lorek
2353,winfried_mack
2354,thomas_marwein
2355,ansgar.mayr
2356,berndmettenleiter
2357,matthias.miller.bw
2358,ralfnentwich
2359,christine.neumann.martin
2360,jutta_niemann_mdl
2361,niklasnuessle
2362,pfaunatalie
2363,reinholdpix
2364,thomasporeski
2365,klaus_ranger
2366,patrickrappmdl
2367,wolfgang.reinhart
2368,jp.roederer
2369,gabirolland
2370,markus_roesler_mdl
2371,uliruelke
2372,rubenruppecht
2373,barbarasaebel
2374,nadyne_saint_cast
2375,volkerschebesta
2376,scheerer_fdp
2377,katrinschindele
2378,albrecht.schuette
2379,_andreaschwarz_
2380,andreas.schwarz.mdl
2381,erik.schweickert
2382,sarah_schwyz
2383,peter_seimer
2384,swantjesperling
2385,christiane_staab
2386,willistachele
2387,udostein_mdl
2388,katrinsteinhuelbjoos
2389,andreas.stoch
2390,hanspeterstorz
2391,andreassturmmdl
2392,stefanteufelmdl
2393,tayfun_tok_tt
2394,vogt_tobias
2395,tobiaswaldmdl
2396,arminwaldbuesser
2397,jonaswebermdl
2398,dorotheawehinger_mdl
2399,nico.weinmann
2400,borisweirauchmdl
2401,elkezimmer_mdl
2402,marion.gentges
2403,peter.hauk.mdl
2404,winne.hermann
2405,nicole_hoffmeister_kraut
2406,mannelucha
2407,petra.olschowski
2408,nicole.razavi.mdl
2409,theklawalker
2410,real.danyal
2411,brianbaatzsch
2412,volkerbajus
2413,jan_bauer_buchholz
2414,bloemnico
2415,andre_bock_mdl
2416,veronika_bode.mdl
2417,marcus_bosse
2418,markus.brinkmann.mdl
2419,saskia_buschmann
2420,birgitbutter
2421,christian.calderone.mdl
2422,evrimcamuz
2423,derstephchrist
2424,alfred.dannenberg
2425,joerndomeier
2426,uwedorendorfmdl
2427,oliver_ebken
2428,karinemken
2429,evers.cdu
2430,christian_froelich
2431,christianfuehner
2432,marten.gaede
2433,immacolata.glosemeyer
2434,constantingrosch
2435,gueldnerthore
2436,thordieshanisch
2437,frankhenning.spd
2438,carina.hermann.goe
2439,antonia.hillberg
2440,joerg.hillmer
2441,dreas_hoffmann
2442,eikeholsten
2443,laurahopmannmdl
2444,katharina.jensen.friesland
2445,verena_kaemmerling
2446,ruediger.kauroff
2447,delia.klages
2448,mariekollenrott
2449,renekopka
2450,denizkurku.spd
2451,corinna.lange.spd
2452,kirsikka_lansmann
2453,pascal__leddin
2454,dr.silkelesemann
2455,doerteliebetruth
2456,oliverlottke
2457,michael_luehmann
2458,cindylutz.wob
2459,martinamachulla
2460,pascalmennen
2461,bjoernrmeyer
2462,philipp_meyn
2463,marcomohrmann
2464,hanna_naber
2465,nackejens
2466,sebastian.penno.spd
2467,christoph.plett
2468,pohlmannsjonas
2469,stefanpolitze
2470,guido_pott
2471,prellandrea
2472,sophie_ramdor
2473,philippraulfs
2474,lukasreinken
2475,julia.m.retzlaff
2476,alexander.saade
2477,sachtlebenheiko
2478,scharrelmann_mdl
2479,swantje.kristina
2480,jschepelmann
2481,juliusschneiderspd
2482,pi_schneider
2483,janschroeder_spd
2484,detlev.schulzhendel
2485,claudiaschuesslerspd
2486,schuetze.annette
2487,clausseebeck
2488,ulf_thiele
2489,bjoern.thuemler
2490,dirk.toepffer
2491,ghtonne
2492,dennis.true.spd
2493,thomas_uhlen
2494,eva_viehoff_mdl
2495,nadjaweippert
2496,alex_wille_celle
2497,christoph12willeke
2498,tim.wook
2499,sebastian_zinke
2500,juliawilliehamburg
2501,geraldheere
2502,christian_meyer_gruene
2503,wiebkeosigus
2504,boris.pistorius
2505,miriamstaudte
2506,falkomohrs
2507,andre_barth_mdl
2508,mario_beger
2509,bohmeniaa
2510,bruenler_dielinke
2511,sarahbuddeberg
2512,pesejdi
2513,antjefeiks
2514,torstengahler.afd
2515,hahn_christopher_
2516,lucies_ecke
2517,holger_hentschel
2518,janhippold
2519,henninghomann
2520,carstenhuetter
2521,martina.jost_afd
2522,svendgunnarkirmes
2523,danielakuge
2524,kummer.ines
2525,lars.kuppi.afd
2526,gerhard_liebscher
2527,valippmann
2528,loeffler_jan
2529,thomasloeser
2530,geert_mackenroth_mdl
2531,claudiamaicher_mdl
2532,chmelcher
2533,aloysiusmikwauschk
2534,martin_modschiedler
2535,andreas_nowak_mdl
2536,albrechtpallas
2537,dirk.panter
2538,ronaldpohle
2539,matthias_roessler
2540,susanne.schaper
2541,franziska_schubert_oberlausitz
2542,mirkoschultze
2543,ivo_teichmann
2544,joergurban
2545,soerenvoigt71
2546,rolfweigand
2547,sebastianwippel_offiziell
2548,volkmarzschocke
2549,generalzwerg
2550,barbara_klepsch
2551,michaelkretschmer
2552,silkebacksen
2553,martinbalasus
2554,jasper_balke
2555,christian.claussen.mdl
2556,micheldeckmann
2557,kai.dolgner
2558,duerbrook
2559,birteglissmann
2560,martinhabersaat
2561,_haukehansen
2562,andreas_hein_cdu
2563,herbstkristina
2564,birgitherdejuergen
2565,hildebranddagmar.mdl
2566,thomashoelck
2567,werner_kalinka
2568,_lukas_kilian_
2569,rixa.kleinschmit
2570,peerknoefler
2571,joschka.knuth
2572,annabell.kraemer
2573,maltejkr
2574,oliver.kumbartzky
2575,annalangsch
2576,thomas_losse_mueller
2577,serpilmidyatli
2578,volker_nielsen_cdu
2579,sybilla.nitsch
2580,seyran_papo
2581,politiker.patrick.pender
2582,l_petersdotter
2583,ole.plambeck
2584,uta_roepcke
2585,sophia_schiebe
2586,marc.timmer.spd
2587,rasmus.voege
2588,christopher.vogt
2589,ekavonkalben
2590,nelly.waldeck
2591,waldingerthiering
2592,utawentzel
2593,wiebke_zweig
2594,monikaheinold
2595,karinpriende
2596,mp.danielguenther
2597,togoldschmidt
2598,clausruhemadsen
2599,sabinesutterlinwaack
2600,reneaust.afd
2601,franziska_baum_fdp
2602,andreasbuehl.mdl
2603,markus_gleichmann
2604,thomasgottweiss
2605,lena.saniye.guengoer
2606,martin_henkel_mdl
2607,christianherrgott
2608,denny.jankowski
2609,ralfkalich.mdl
2610,thomasl.kemmerich
2611,drcorneliaklisch
2612,thadaeuskoenig
2613,katharinakoenig
2614,maikkowalleck
2615,wolfganglauerwald
2616,_dianalehmann
2617,lutz.liebscher
2618,maurerkatja04
2619,die_meissner
2620,katja.mitteldorf
2621,mike_mohring
2622,rm.montag
2623,babettepfefferlein
2624,ralf_ploetner
2625,stefanschard
2626,andreas.schubert.gera
2627,christiantischner
2628,mario_voigt
2629,lau.ra_wahl
2630,philipp.weltzien
2631,christoph.zippel
2632,dirk.adams
2633,karawanskij
2634,christine._anderson
2635,gruenrasmus
2636,katarina.barley
2637,dr.gunnarbeck
2638,nicola_beer
2639,hildebentele
2640,gabybischoff
2641,michabloss
2642,damian.boeselager
2643,patrickbreyer_mep
2644,delarabur
2645,martin.buschmann
2646,annadeparnaygrunenberg
2647,herr_dole
2648,lenaduepont
2649,engin_eroglu_
2650,romeo.franz
2651,europafreund
2652,galleerie
2653,alexandrageese
2654,helmutgeukingmdep
2655,glueckfuereuropa
2656,henrikehahn
2657,svenja_ilona_hahn
2658,niclasherbst
2659,herzbergerfofana
2660,moritz_koerner
2661,maximilian.krah
2662,slagodinsky
2663,lange_mdep
2664,katrinlangensiepen
2665,karstenlucke
2666,erikmarquardt
2667,joerg.meuthen
2668,marlene.mortler.csu
2669,hneumannmep
2670,janchristophoetjen
2671,jutta.paulus
2672,dennisradtkemdep
2673,rene.repasi
2674,manuela.ripa
2675,schirdewanmartin
2676,christineschneider_mdep
2677,nicosemsrott
2678,simonmep
2679,violavoncramon
2680,g.akbulut_mdb
2681,stephanalbanimdb
2682,rogerbeckamp
2683,matthiasw.birkwald
2684,mario.brandenburg
2685,dirk_brandes
2686,silvia_breher
2687,sebastianbrehmmdb
2688,mbreilmann
2689,bubendorfer
2690,cjcronenberg
2691,dorpat2000
2692,estherdilcher
2693,fechnerjohannes
2694,fabianfunke.spd
2695,thomas__gebhart
2696,alexandergraflambsdorff
2697,armingrau.mdb
2698,kerstingriese
2699,hermann.groehe
2700,gregorgysi
2701,mariana_harder_kuehnel
2702,mechthild_heil
2703,wolfganghellmichspd
2704,dr.bettina.hoffmann
2705,irlstorfer.mdb
2706,ingmarjung
2707,kaczmarekoliver
2708,canselkiziltepe
2709,mariakleinschmeink
2710,norbert.kleinwaechter
2711,koehler_fdp
2712,joern.koenig_mdb
2713,jankorte77
2714,kosssimona
2715,kuehnikev
2716,armin_laschet
2717,ina.latendorf
2718,caren.lay
2719,loosbernhard
2720,gesine.loetzsch
2721,tillmansmann
2722,kawehmansoori
2723,mikemoncsek.de
2724,axelmueller.mdb
2725,florianmuellercdu
2726,nicolaisenpetra
2727,lennardoehl
2728,gerold.otten
2729,aydanoezoguz
2730,christianpetrymdb
2731,dr.andreasphilippi
2732,alexanderradwanmdb
2733,claudiaraffelhueschen
2734,heidireichinnek
2735,frank.rinck
2736,dennis_rohde
2737,erwin_rueddel
2738,dr.thorsten.rudolph
2739,albertrupprechtmdb
2740,schiefnerudo
2741,ulschzi
2742,thomas.silberhorn
2743,judithskudelny
2744,dirk.spaniel
2745,springer_rene
2746,johannes.steiniger
2747,dieterstier_mdb
2748,gero_storjohann
2749,claudiatausend
2750,hermannjosef.tebroke
2751,antje_tillmann
2752,markusuhlmdb
2753,j_verlinden
2754,sandra_weeser
2755,marialenaweiss
2756,haraldweyeltarutino1812
2757,klauspeterwillsch
2758,uwewittmdb
2759,herbert.wollmann
2760,emmi_zeulner
2761,nancy_faeser
2762,christine.lambrecht
2763,katrinfey.mdb
2764,christian.moser.mdb
2765,marcel_queckemeyer_mdb
2766,afdthomasstephan
2767,sarah.vollath.mdb
2768,anna.rathert.mdb.afd
2769,wilhelmgebhard
2770,vanessa.zobel.mdb
2771,ulrichvonzons
2772,ulrichthoden
2773,truelsreichardt
2774,trabertwaehlen
2775,tijen.ataoglu
2776,thesandrastein
2777,sylviarietenberg
2778,stefan.schroder.1983
2779,stefan_henze
2780,simone.fischer0711
2781,siegfriedwalch
2782,sebastiansteineke
2783,sebastian.maack
2784,saschavanbeek
2785,sandra.carstensen.cdu
2786,sahramirow
2787,robertteskeafd
2788,rob_in_afd
2789,renebochmannafdmdb
2790,reinhard_mixl_afd
2791,rebecca.lenhard
2792,rainergalla2309
2793,raimond.scheirich
2794,oliverpopsel
2795,olaf.hilmer.afd
2796,oezdemir.spd
2797,noraseitz
2798,nicklas.kappe
2799,moritz_heuberger
2800,micha_fehre_afd
2801,mensch_brand
2802,mathias.weiser
2803,marvinschulz.reinickendorf
2804,manuel_krauthausen
2805,mandyeissing
2806,maikbrueckner
2807,luigipantisano
2808,linker.cem
2809,lgbeutin
2810,leif.e.bodin
2811,kurt.kleinschmidt
2812,koffeinpiratin
2813,knut_abraham_mdb
2814,julianjoswig
2815,johannes.wiegelmann
2816,johannes.rothenberger
2817,joergcezanne
2818,jeanne_marie_aline
2819,jbvolkmann
2820,janfeserafd
2821,jan.aken
2822,inesschwerdtner
2823,imnotzadaaa
2824,hoss_luke
2825,hoffmann_philip
2826,hendrikstreeck
2827,hendrikbollmann
2828,haukefinger
2829,hans.koller_
2830,h.orthey
2831,gruenekassel
2832,gerold_otten
2833,georgguenther_
2834,florian.oest
2835,drberndbaumann
2836,dr.stefankorbach
2837,dr_rainer_kraft
2838,diana_zimmer98
2839,denispauliafd
2840,david_schliesing
2841,dario_seifert
2842,danielzerbin.afd
2843,daniel.walter.dn
2844,dabeks1980
2845,christopher_droessler
2846,christoph.frauenpreiss
2847,christin_willnat.mdb
2848,carolinebosbach
2849,cansinkoektuerk
2850,britta.hasselmann
2851,bilic.florian
2852,bastian_ernst_
2853,anna_aeikens
2854,angela.rudzka
2855,adam.balten
2856,_thomas_pauls
2857,kbv4u
2858,gollaleh_ahmadi
2859,_michaelbiel_
2860,larsbocian
2861,kerstinbrauner1
2862,emine_demirbuekenwegner
2863,burkarddregger
2864,olga.gauks
2865,dennis_haustein
2866,timur.husein.cdu
2867,majalasic
2868,politikmitlenz
2869,mockstuemer
2870,ersin_nas
2871,naumann.reinhard
2872,aldona.berlin
2873,stefremlinger
2874,lucas.schaal
2875,olafschenk_cdu
2876,schmidbergerkatrin
2877,stsberlin
2878,tinoschopf
2879,june.tomiak
2880,lilia_usik
2881,linda4ecke
2882,rolf.wiedenhaupt
2883,tonkawojahn
2884,joechialo
2885,danielartmann
2886,nicole.baeumler
2887,konrad.baur
2888,tobias.beck.fw
2889,andrea.behr.official
2890,martinbehringer.fw
2891,andreas_birzele
2892,maximilian_boeltl
2893,dr._martin_brunnhuber
2894,renedierkesafd
2895,francdierl
2896,alex.dietrich.muc
2897,leo.dietz
2898,st_ebner
2899,enderssusann
2900,christiane_feichtmeier
2901,alexanderflierl
2902,felixzobel
2903,thorstenfreudenberger
2904,sebastianfriesinger
2905,gollermia
2906,holger.griesshammer
2907,johann.gross.mdl
2908,sabinegrosskc
2909,grossmannbayern
2910,josefheisl
2911,petrahoegl
2912,martinhuber_csu
2913,marina.jakob.mdl
2914,bjoern.jungbauer
2915,andreasjurca.afd
2916,andreaskaufmannoal
2917,sandro.kirchner
2918,manuel.knoll
2919,flokoehler.afd
2920,michael.koller.fw
2921,joachim.konrad.csu
2922,lauschjosef
2923,christian.lindinger.mdl
2924,oskar_lipp_afd
2925,felix_locke_fw
2926,petra.loibl
2927,stefanmeyer.vof
2928,_juliapost_
2929,julianpreidl
2930,annarasehorn
2931,tobiasreissmdl
2932,rittel.anton
2933,markus.saller
2934,jenny_schack_mdl
2935,harryscheuenstuhl
2936,werner.schiessl.mdl
2937,saschaschnuerer
2938,toni_schuberl
2939,ulrich.singer.mdl
2940,werner_stieglitz
2941,martin_p_stock
2942,karl.straub.16
2943,matthias.vogler.nuernberg
2944,peter.wachler
2945,markus_walbrunn
2946,katja_weitzel
2947,bernreiter_christian_official
2948,sandraahrensbremen
2949,recaiaytas
2950,kerstin_eckardt
2951,derikeicke
2952,theresa.groeninger
2953,ole_hum
2954,michaeljonitz
2955,mlabetzke
2956,henrikemuellerhb
2957,marcel.schroeder95
2958,nurtekintepe
2959,fynnvoigt
2960,wiebkewinter
2961,oezlem_uensal
2962,martindolzer
2963,frielinganke
2964,jenny_jasberg
2965,anjes.tjarks
2966,patrick.appel
2967,elkebarth_mdl
2968,maximilian_bathon
2969,frederikbouffier
2970,peter.franz.wk50
2971,hcgoettlicher
2972,juliaherz
2973,lara.klaes
2974,josefinekoebe
2975,matthiaskoerner.hessen
2976,dominik_leyh
2977,felixmartin_gruen
2978,meiersascha
2979,christoph_mikuschek_mdl
2980,lotharmulch
2981,sebastianmueller_mdl
2982,anna.nguyen.afd
2983,moritz.promny
2984,seebastiansack
2985,mxschmml
2986,lucasjschmitz_
2987,ingo.schon
2988,christophsippel_
2989,andre__stolz
2990,annettewetekam
2991,maximilian.ziegler.spd
2992,dianastolz76
2993,jeanrene.adam_afd
2994,melaniebalzer.de
2995,kurtmafischer
2996,genilkerainer
2997,benjamin_grimm_
2998,jp_hohm
2999,steffenjohn_mdl
3000,_einfachlars
3001,dominik.kaufner
3002,lena_kotre_afd
3003,roman_kuffert_afd
3004,liedtke.ulrike
3005,niels.olaf.lueders
3006,hankamittelstaedt
3007,reschernorbert
3008,juliasahi.de
3009,sinaschoenbrunn
3010,inesausbrandenburg
3011,oliverskopec
3012,erikstohn
3013,joergvogelsaenger
3014,annemarie_wolff_
3015,timzimmermann.afd
3016,dietmarwoidke
3017,manjaschuele
3018,_sandrajohann
3019,nikolauskramer
3020,michael_noetzel_mv
3021,sonjabongersspdmdl
3022,matthiasj.eggers
3023,stefan_kaemmerling
3024,sandymeinhardt
3025,mart.metz
3026,mue_re
3027,ralfstoltze
3028,gut.hier
3029,junkdennis
3030,jens.muenster
3031,michaelebling
3032,ruedigererben
3033,oliver.kirchner1
3034,thdoerflinger
3035,hejitsleni
3036,raimundhaser
3037,ruedigerklos
3038,schoch.alexander
3039,beckmannsina
3040,djenadh
3041,rashmigrashorn
3042,br.kellermann
3043,volkermeyer.cdu
3044,schroedergruen
3045,matthiasberger_fws
3046,georgludwigbreitenbuch
3047,conrad_clemens
3048,alexdierks_chemnitz
3049,joergdornau
3050,jonas.duenzel
3051,geisenblaetter
3052,sveneppinger
3053,ingo_flemming
3054,holger_gasse
3055,sandragockel.cdu
3056,andreas_heinz_
3057,_tobias_heller_
3058,jens_hentschel_thoericht
3059,felix.hitzig
3060,inaklemm76
3061,sophiekoch.j
3062,susanleithoff.sachsen
3063,namduynguyen_
3064,nicolauskerstin
3065,arthur.oesterle.pan
3066,wolfdietrich.rost
3067,inessaborowski
3068,doreenschwietzer_afd
3069,jessica.steiner.leipzig
3070,tina_trompter
3071,weinrich.stephan
3072,theyoungcongressman
3073,katjagruen
3074,catharina.nies
3075,paulsbirte
3076,nina.behrendt_mdl
3077,melaniebergerafd
3078,lennart.geibert
3079,daniel_haseloff
3080,heyingotha
3081,ulrikejary
3082,kobelt.landtag
3083,m.kramer1704
3084,marcus.packt.an
3085,hallo_janine
3086,rimuehl
3087,quasebarth.de
3088,alternativeauserfurt
3089,weisskopfwolfgang
3090,dermenschmaier
3091,heike_taubert
3092,sibylle_berg
3093,irmhildbossdorf.afd
3094,markus.buchheit
3095,udobullmann
3096,dcaspary
3097,tobias.cremer.eu
3098,fabio.d.masi
3099,matthias.ecke
3100,sebastian.everding
3101,michaelgahler_mdep
3102,jens_geiermdep
3103,martin_haeusling
3104,monika.hohlmeier
3105,dr.marc.jongen.mdb
3106,alexanderjungbluth
3107,marykhan_afd
3108,koehlerstefan
3109,peter.liese.cdu
3110,norbertlins.mdep
3111,davidmcallister_mep
3112,verena_mertens_pb
3113,prof.hans.neuhoff
3114,caro.rackete
3115,terry_reintke
3116,nela.riehl
3117,andreasschwab_mdep
3118,lukas_sieper
3119,christine_singer_hofheim
3120,birgit_sippel
3121,sabineverheyen
3122,axel.voss.mdep
3123,manfred.weber
3124,woelken
3125,chrupallatino
3126,leckert_
3127,fabiangriewel
3128,michaelgrossebroemer
3129,juliangruenke
3130,sabine_gruetzmacher
3131,christianhaasemdb
3132,heikeheubachspd
3133,angela_hohmann
3134,holmleiferik
3135,juergen.kretz
3136,franziskakrumwiede
3137,daniludwigmdb
3138,astrid.mannes.mdb
3139,swantjemichaelsen
3140,susanne.mittag.mdb
3141,martin.rabanus
3142,docredder
3143,stefanrouenhoff
3144,ruf_nadine_ruf
3145,janaschimke
3146,dieschmidt
3147,detlefseifmdb
3148,owvonholtz
3149,tim.wagner.mdb
3150,bmwiesmann
3151,joergkukies
3152,ebenberger.mdb
3153,benedikt.buedenbender
3154,kneller.mdb
3155,j_koestering
3156,christian_douglas_mdb
3157,marc.biadacz
3158,genossin.gebel
3159,tamaramazzi_mdb
3160,stella.merendino
3161,saschamueller_mdb
3162,charlotteneuhaeuser
3163,donata.vgtsmdt.mdb
